GEOSChem14.6.3,1,XYLE,1
GEOSChem14.6.3,2,UNK,1
GEOSChem14.6.3,3,XYLE,1
GEOSChem14.6.3,4,UNR,1
GEOSChem14.6.3,5,UNR,1
GEOSChem14.6.3,6,ALK6,1
GEOSChem14.6.3,7,UNR,1
GEOSChem14.6.3,8,ALK6,1
GEOSChem14.6.3,9,ALK6,1
GEOSChem14.6.3,10,ALK6,1
GEOSChem14.6.3,11,ALK6,1
GEOSChem14.6.3,12,ALK6,1
GEOSChem14.6.3,13,ALK6,1
GEOSChem14.6.3,14,ALK6,1
GEOSChem14.6.3,15,UNR,1
GEOSChem14.6.3,16,UNR,1
GEOSChem14.6.3,17,UNK,1
GEOSChem14.6.3,18,UNK,1
GEOSChem14.6.3,19,ALK6,1
GEOSChem14.6.3,20,ALK6,1
GEOSChem14.6.3,21,ALK6,1
GEOSChem14.6.3,22,XYLE,1
GEOSChem14.6.3,23,XYLE,1
GEOSChem14.6.3,24,XYLE,1
GEOSChem14.6.3,25,TMB,1
GEOSChem14.6.3,26,ALK6,1
GEOSChem14.6.3,27,ALK6,1
GEOSChem14.6.3,28,XYLE,1
GEOSChem14.6.3,29,IVOC,1
GEOSChem14.6.3,30,TMB,1
GEOSChem14.6.3,31,ALK6,1
GEOSChem14.6.3,32,FURA,1
GEOSChem14.6.3,33,FURA,1
GEOSChem14.6.3,34,UNK,1
GEOSChem14.6.3,35,UNK,1
GEOSChem14.6.3,36,XYLE,1
GEOSChem14.6.3,37,XYLE,1
GEOSChem14.6.3,38,ALK6,1
GEOSChem14.6.3,39,XYLE,1
GEOSChem14.6.3,40,ALK6,1
GEOSChem14.6.3,41,UNK,1
GEOSChem14.6.3,42,FURA,1
GEOSChem14.6.3,43,IVOC,1
GEOSChem14.6.3,44,TMB,1
GEOSChem14.6.3,45,ALK6,1
GEOSChem14.6.3,46,C4H6,1
GEOSChem14.6.3,47,ALK4,1
GEOSChem14.6.3,48,FURA,1
GEOSChem14.6.3,49,XYLE,1
GEOSChem14.6.3,50,PRPE,1
GEOSChem14.6.3,51,XYLE,1
GEOSChem14.6.3,52,XYLE,1
GEOSChem14.6.3,53,XYLE,1
GEOSChem14.6.3,54,XYLE,1
GEOSChem14.6.3,55,XYLE,1
GEOSChem14.6.3,56,UNK,1
GEOSChem14.6.3,57,IVOC,1
GEOSChem14.6.3,58,IVOC,1
GEOSChem14.6.3,59,XYLE,1
GEOSChem14.6.3,60,XYLE,1
GEOSChem14.6.3,61,UNK,1
GEOSChem14.6.3,62,XYLE,1
GEOSChem14.6.3,63,XYLE,1
GEOSChem14.6.3,64,PRPE,1
GEOSChem14.6.3,65,ALK4,1
GEOSChem14.6.3,66,IVOC,1
GEOSChem14.6.3,67,ALK6,1
GEOSChem14.6.3,68,UNK,1
GEOSChem14.6.3,69,ALK6,1
GEOSChem14.6.3,70,ALK6,1
GEOSChem14.6.3,71,XYLE,1
GEOSChem14.6.3,73,ALK6,1
GEOSChem14.6.3,74,XYLE,1
GEOSChem14.6.3,75,UNK,1
GEOSChem14.6.3,76,PRPE,1
GEOSChem14.6.3,77,ROH,1
GEOSChem14.6.3,78,PRPE,1
GEOSChem14.6.3,79,ALK6,1
GEOSChem14.6.3,80,TMB,1
GEOSChem14.6.3,81,XYLE,1
GEOSChem14.6.3,82,ALK6,1
GEOSChem14.6.3,83,XYLE,1
GEOSChem14.6.3,84,XYLE,1
GEOSChem14.6.3,85,IVOC,1
GEOSChem14.6.3,86,XYLE,1
GEOSChem14.6.3,88,XYLE,1
GEOSChem14.6.3,89,TMB,1
GEOSChem14.6.3,90,XYLE,1
GEOSChem14.6.3,91,ALK6,1
GEOSChem14.6.3,92,XYLE,1
GEOSChem14.6.3,94,TMB,1
GEOSChem14.6.3,95,ALK6,1
GEOSChem14.6.3,96,XYLE,1
GEOSChem14.6.3,97,XYLE,1
GEOSChem14.6.3,98,ALK6,1
GEOSChem14.6.3,99,XYLE,1
GEOSChem14.6.3,100,XYLE,1
GEOSChem14.6.3,101,XYLE,1
GEOSChem14.6.3,103,PRPE,1
GEOSChem14.6.3,104,XYLE,1
GEOSChem14.6.3,105,NAP,1
GEOSChem14.6.3,106,PRPE,1
GEOSChem14.6.3,107,PRPE,1
GEOSChem14.6.3,108,PRPE,1
GEOSChem14.6.3,109,UNK,1
GEOSChem14.6.3,110,ALK6,1
GEOSChem14.6.3,111,ALK6,1
GEOSChem14.6.3,112,ALK6,1
GEOSChem14.6.3,113,ALK6,1
GEOSChem14.6.3,114,UNK,1
GEOSChem14.6.3,115,IVOC,1
GEOSChem14.6.3,116,ALK6,1
GEOSChem14.6.3,117,ALK6,1
GEOSChem14.6.3,118,ALK6,1
GEOSChem14.6.3,120,ALK6,1
GEOSChem14.6.3,121,ALK6,1
GEOSChem14.6.3,122,ALK6,1
GEOSChem14.6.3,123,ALK6,1
GEOSChem14.6.3,124,ALK6,1
GEOSChem14.6.3,125,ALK6,1
GEOSChem14.6.3,126,ALK6,1
GEOSChem14.6.3,127,ALK4,1
GEOSChem14.6.3,128,ALK6,1
GEOSChem14.6.3,129,ALK6,1
GEOSChem14.6.3,130,ALK6,1
GEOSChem14.6.3,131,ALK6,1
GEOSChem14.6.3,132,ALK6,1
GEOSChem14.6.3,133,PRPE,1
GEOSChem14.6.3,134,PRPE,1
GEOSChem14.6.3,135,PRPE,1
GEOSChem14.6.3,136,ALK6,1
GEOSChem14.6.3,137,ALK6,1
GEOSChem14.6.3,138,ALK6,1
GEOSChem14.6.3,139,ALK6,1
GEOSChem14.6.3,140,ALK6,1
GEOSChem14.6.3,141,PRPE,1
GEOSChem14.6.3,142,PRPE,1
GEOSChem14.6.3,143,ALK6,1
GEOSChem14.6.3,144,XYLE,1
GEOSChem14.6.3,145,ALK6,1
GEOSChem14.6.3,146,PRPE,1
GEOSChem14.6.3,147,PRPE,1
GEOSChem14.6.3,148,ALK6,1
GEOSChem14.6.3,149,ALK6,1
GEOSChem14.6.3,150,UNK,1
GEOSChem14.6.3,151,ALK6,1
GEOSChem14.6.3,152,ALK6,1
GEOSChem14.6.3,153,RCHO,1
GEOSChem14.6.3,154,TMB,1
GEOSChem14.6.3,155,ALK6,1
GEOSChem14.6.3,156,ALK6,1
GEOSChem14.6.3,157,UNK,1
GEOSChem14.6.3,158,ALK6,1
GEOSChem14.6.3,159,UNK,1
GEOSChem14.6.3,160,ALK6,1
GEOSChem14.6.3,161,UNK,1
GEOSChem14.6.3,162,ALK6,1
GEOSChem14.6.3,163,UNK,1
GEOSChem14.6.3,164,UNK,1
GEOSChem14.6.3,165,ALK6,1
GEOSChem14.6.3,166,UNR,1
GEOSChem14.6.3,167,ROH,1
GEOSChem14.6.3,168,ROH,1
GEOSChem14.6.3,169,ROH,1
GEOSChem14.6.3,170,ALK4,1
GEOSChem14.6.3,171,XYLE,1
GEOSChem14.6.3,172,ROH,1
GEOSChem14.6.3,173,UNK,1
GEOSChem14.6.3,174,IVOC,1
GEOSChem14.6.3,175,ALK6,1
GEOSChem14.6.3,176,PRPE,1
GEOSChem14.6.3,177,PRPE,1
GEOSChem14.6.3,178,ROH,1
GEOSChem14.6.3,179,UNK,1
GEOSChem14.6.3,180,ROH,1
GEOSChem14.6.3,181,PRPE,1
GEOSChem14.6.3,182,UNK,1
GEOSChem14.6.3,183,PRPE,1
GEOSChem14.6.3,184,PRPE,1
GEOSChem14.6.3,185,PRPE,1
GEOSChem14.6.3,186,PRPE,1
GEOSChem14.6.3,187,PRPE,1
GEOSChem14.6.3,188,MACR,1
GEOSChem14.6.3,189,ALK6,1
GEOSChem14.6.3,190,PRPE,1
GEOSChem14.6.3,191,UNK,1
GEOSChem14.6.3,192,UNK,1
GEOSChem14.6.3,193,ALK6,1
GEOSChem14.6.3,194,ALK6,1
GEOSChem14.6.3,195,XYLE,1
GEOSChem14.6.3,196,NAP,1
GEOSChem14.6.3,197,ALK6,1
GEOSChem14.6.3,198,ALK6,1
GEOSChem14.6.3,199,ALK6,1
GEOSChem14.6.3,200,UNK,1
GEOSChem14.6.3,201,IVOC,1
GEOSChem14.6.3,202,ALK6,1
GEOSChem14.6.3,203,PRPE,1
GEOSChem14.6.3,204,PRPE,1
GEOSChem14.6.3,205,ALK6,1
GEOSChem14.6.3,206,ALK6,1
GEOSChem14.6.3,207,ALK6,1
GEOSChem14.6.3,208,ALK6,1
GEOSChem14.6.3,209,PRPE,1
GEOSChem14.6.3,210,PRPE,1
GEOSChem14.6.3,211,ALK6,1
GEOSChem14.6.3,212,ALK6,1
GEOSChem14.6.3,213,ALK6,1
GEOSChem14.6.3,214,ROH,1
GEOSChem14.6.3,215,ALK6,1
GEOSChem14.6.3,216,UNK,1
GEOSChem14.6.3,217,ALK6,1
GEOSChem14.6.3,218,ALK6,1
GEOSChem14.6.3,219,UNK,1
GEOSChem14.6.3,220,ALK6,1
GEOSChem14.6.3,221,PRPE,1
GEOSChem14.6.3,222,UNK,1
GEOSChem14.6.3,223,ALK6,1
GEOSChem14.6.3,224,UNK,1
GEOSChem14.6.3,225,ALK6,1
GEOSChem14.6.3,226,ALK6,1
GEOSChem14.6.3,227,UNK,1
GEOSChem14.6.3,228,ALK6,1
GEOSChem14.6.3,229,ALK6,1
GEOSChem14.6.3,230,PRPE,1
GEOSChem14.6.3,231,PRPE,1
GEOSChem14.6.3,232,PRPE,1
GEOSChem14.6.3,233,ALK6,1
GEOSChem14.6.3,234,ROH,1
GEOSChem14.6.3,235,PRPE,1
GEOSChem14.6.3,236,PRPE,1
GEOSChem14.6.3,237,PRPE,1
GEOSChem14.6.3,238,PRPE,1
GEOSChem14.6.3,239,PRPE,1
GEOSChem14.6.3,240,PRPE,1
GEOSChem14.6.3,242,PRPE,1
GEOSChem14.6.3,243,UNK,1
GEOSChem14.6.3,244,ALK6,1
GEOSChem14.6.3,245,ALK6,1
GEOSChem14.6.3,246,ALK6,1
GEOSChem14.6.3,247,ALK6,1
GEOSChem14.6.3,248,ALK6,1
GEOSChem14.6.3,249,UNK,1
GEOSChem14.6.3,250,XYLE,1
GEOSChem14.6.3,251,PRPE,1
GEOSChem14.6.3,252,PRPE,1
GEOSChem14.6.3,253,ALK6,1
GEOSChem14.6.3,254,UNK,1
GEOSChem14.6.3,255,ALK6,1
GEOSChem14.6.3,256,UNK,1
GEOSChem14.6.3,257,PRPE,1
GEOSChem14.6.3,258,PRPE,1
GEOSChem14.6.3,259,ROH,1
GEOSChem14.6.3,260,PRPE,1
GEOSChem14.6.3,261,PRPE,1
GEOSChem14.6.3,262,PRPE,1
GEOSChem14.6.3,263,UNK,1
GEOSChem14.6.3,264,ALK6,1
GEOSChem14.6.3,265,XYLE,1
GEOSChem14.6.3,266,ALK6,1
GEOSChem14.6.3,267,ALK6,1
GEOSChem14.6.3,268,UNK,1
GEOSChem14.6.3,269,UNK,1
GEOSChem14.6.3,270,PRPE,1
GEOSChem14.6.3,271,PRPE,1
GEOSChem14.6.3,272,UNK,1
GEOSChem14.6.3,273,XYLE,1
GEOSChem14.6.3,274,ALK6,1
GEOSChem14.6.3,275,UNK,1
GEOSChem14.6.3,276,UNK,1
GEOSChem14.6.3,277,UNK,1
GEOSChem14.6.3,279,ALD2,1
GEOSChem14.6.3,280,ACTA,1
GEOSChem14.6.3,281,ACET,1
GEOSChem14.6.3,282,C2H2,1
GEOSChem14.6.3,283,ACR,1
GEOSChem14.6.3,284,PRPE,1
GEOSChem14.6.3,285,PRPE,1
GEOSChem14.6.3,286,ALK6,1
GEOSChem14.6.3,287,ALK6,1
GEOSChem14.6.3,288,ACET,1
GEOSChem14.6.3,289,ALK6,1
GEOSChem14.6.3,290,ALK6,1
GEOSChem14.6.3,291,MVK,1
GEOSChem14.6.3,292,UNK,1
GEOSChem14.6.3,293,UNR,1
GEOSChem14.6.3,294,UNK,1
GEOSChem14.6.3,295,UNK,1
GEOSChem14.6.3,296,UNK,1
GEOSChem14.6.3,297,IVOC,1
GEOSChem14.6.3,298,UNK,1
GEOSChem14.6.3,299,TMB,1
GEOSChem14.6.3,300,UNK,1
GEOSChem14.6.3,301,BALD,1
GEOSChem14.6.3,302,BENZ,1
GEOSChem14.6.3,303,PHEN,1
GEOSChem14.6.3,304,XYLE,1
GEOSChem14.6.3,305,UNR,1
GEOSChem14.6.3,306,CSL,1
GEOSChem14.6.3,307,UNK,1
GEOSChem14.6.3,308,UNR,1
GEOSChem14.6.3,309,ALK4,1
GEOSChem14.6.3,310,ROH,1
GEOSChem14.6.3,311,UNR,1
GEOSChem14.6.3,312,ALK6,1
GEOSChem14.6.3,313,RCHO,1
GEOSChem14.6.3,314,CSL,1
GEOSChem14.6.3,315,NAP,1
GEOSChem14.6.3,316,PRPE,1
GEOSChem14.6.3,317,IVOC,1
GEOSChem14.6.3,318,XYLE,1
GEOSChem14.6.3,319,PRPE,1
GEOSChem14.6.3,320,IVOC,1
GEOSChem14.6.3,321,IVOC,1
GEOSChem14.6.3,322,C3H8,1
GEOSChem14.6.3,323,RCHO,1
GEOSChem14.6.3,324,RCHO,1
GEOSChem14.6.3,325,ALK6,1
GEOSChem14.6.3,326,TMB,1
GEOSChem14.6.3,327,UNK,1
GEOSChem14.6.3,328,UNK,1
GEOSChem14.6.3,329,UNK,1
GEOSChem14.6.3,330,MTPO,1
GEOSChem14.6.3,331,ROH,1
GEOSChem14.6.3,332,UNR,1
GEOSChem14.6.3,333,CCl4,1
GEOSChem14.6.3,335,OCS,1
GEOSChem14.6.3,336,UNR,1
GEOSChem14.6.3,337,UNK,1
GEOSChem14.6.3,338,UNR,1
GEOSChem14.6.3,339,UNK,1
GEOSChem14.6.3,340,XYLE,1
GEOSChem14.6.3,341,UNR,1
GEOSChem14.6.3,342,UNR,1
GEOSChem14.6.3,343,CHCl3,1
GEOSChem14.6.3,344,UNR,1
GEOSChem14.6.3,345,UNR,1
GEOSChem14.6.3,346,FURA,1
GEOSChem14.6.3,347,UNK,1
GEOSChem14.6.3,348,ALK6,1
GEOSChem14.6.3,349,ALK6,1
GEOSChem14.6.3,350,ALK6,1
GEOSChem14.6.3,351,ALK6,1
GEOSChem14.6.3,352,ALK6,1
GEOSChem14.6.3,353,ALK6,1
GEOSChem14.6.3,354,ALK6,1
GEOSChem14.6.3,355,ALK6,1
GEOSChem14.6.3,356,ALK6,1
GEOSChem14.6.3,357,ALK6,1
GEOSChem14.6.3,358,ALK6,1
GEOSChem14.6.3,359,ALK6,1
GEOSChem14.6.3,360,ALK6,1
GEOSChem14.6.3,361,ALK6,1
GEOSChem14.6.3,362,ALK6,1
GEOSChem14.6.3,363,ALK6,1
GEOSChem14.6.3,364,ALK6,1
GEOSChem14.6.3,365,ALK6,1
GEOSChem14.6.3,367,PRPE,1
GEOSChem14.6.3,368,PRPE,1
GEOSChem14.6.3,369,PRPE,1
GEOSChem14.6.3,370,PRPE,1
GEOSChem14.6.3,371,PRPE,1
GEOSChem14.6.3,372,PRPE,1
GEOSChem14.6.3,373,PRPE,1
GEOSChem14.6.3,374,ALK6,1
GEOSChem14.6.3,375,ALK6,1
GEOSChem14.6.3,376,ALK6,1
GEOSChem14.6.3,377,MTPO,1
GEOSChem14.6.3,378,MTPO,1
GEOSChem14.6.3,379,UNK,1
GEOSChem14.6.3,380,UNK,1
GEOSChem14.6.3,381,CSL,1
GEOSChem14.6.3,382,PRPE,1
GEOSChem14.6.3,383,TMB,1
GEOSChem14.6.3,384,ALK6,1
GEOSChem14.6.3,385,ALK6,1
GEOSChem14.6.3,386,ROH,1
GEOSChem14.6.3,387,RCHO,1
GEOSChem14.6.3,388,PRPE,1
GEOSChem14.6.3,389,IVOC,1
GEOSChem14.6.3,390,ALK4,1
GEOSChem14.6.3,391,PRPE,1
GEOSChem14.6.3,392,MTPO,1
GEOSChem14.6.3,393,UNR,1
GEOSChem14.6.3,394,UNR,1
GEOSChem14.6.3,395,ROH,1
GEOSChem14.6.3,396,RCHO,1
GEOSChem14.6.3,398,UNR,1
GEOSChem14.6.3,399,XYLE,1
GEOSChem14.6.3,400,UNR,1
GEOSChem14.6.3,401,CH2Cl2,1
GEOSChem14.6.3,402,ROH,1
GEOSChem14.6.3,403,ROH,1
GEOSChem14.6.3,404,ALK4,1
GEOSChem14.6.3,405,ALK6,1
GEOSChem14.6.3,406,ROH,1
GEOSChem14.6.3,407,IVOC,1
GEOSChem14.6.3,408,UNK,1
GEOSChem14.6.3,409,IVOC,1
GEOSChem14.6.3,410,XYLE,1
GEOSChem14.6.3,411,RCHO,1
GEOSChem14.6.3,412,IVOC,1
GEOSChem14.6.3,413,ROH,1
GEOSChem14.6.3,414,UNR,1
GEOSChem14.6.3,415,UNK,1
GEOSChem14.6.3,416,UNK,1
GEOSChem14.6.3,417,UNK,1
GEOSChem14.6.3,418,UNK,1
GEOSChem14.6.3,419,XYLE,1
GEOSChem14.6.3,420,UNK,1
GEOSChem14.6.3,421,UNK,1
GEOSChem14.6.3,422,IVOC,1
GEOSChem14.6.3,423,CSL,1
GEOSChem14.6.3,424,UNK,1
GEOSChem14.6.3,425,ALK6,1
GEOSChem14.6.3,426,IVOC,1
GEOSChem14.6.3,427,ALK6,1
GEOSChem14.6.3,428,ALK6,1
GEOSChem14.6.3,429,UNK,1
GEOSChem14.6.3,430,UNK,1
GEOSChem14.6.3,431,ROH,1
GEOSChem14.6.3,432,ROH,1
GEOSChem14.6.3,433,UNK,1
GEOSChem14.6.3,434,ALK6,1
GEOSChem14.6.3,435,LIMO,1
GEOSChem14.6.3,436,UNK,1
GEOSChem14.6.3,437,IVOC,1
GEOSChem14.6.3,438,C2H6,1
GEOSChem14.6.3,439,IVOC,1
GEOSChem14.6.3,440,UNK,1
GEOSChem14.6.3,441,PRPE,1
GEOSChem14.6.3,442,EOH,1
GEOSChem14.6.3,443,UNK,1
GEOSChem14.6.3,444,PRPE,1
GEOSChem14.6.3,445,UNK,1
GEOSChem14.6.3,446,UNK,1
GEOSChem14.6.3,447,UNK,1
GEOSChem14.6.3,448,UNK,1
GEOSChem14.6.3,449,EBZ,1
GEOSChem14.6.3,450,ALK6,1
GEOSChem14.6.3,451,ALK6,1
GEOSChem14.6.3,452,C2H4,1
GEOSChem14.6.3,453,UNR,1
GEOSChem14.6.3,454,UNR,1
GEOSChem14.6.3,455,IVOC,1
GEOSChem14.6.3,456,UNK,1
GEOSChem14.6.3,457,UNK,1
GEOSChem14.6.3,458,ROH,1
GEOSChem14.6.3,459,UNR,1
GEOSChem14.6.3,461,ALK6,1
GEOSChem14.6.3,462,ALK6,1
GEOSChem14.6.3,463,ALK6,1
GEOSChem14.6.3,464,TMB,1
GEOSChem14.6.3,465,CH2O,1
GEOSChem14.6.3,466,HCOOH,1
GEOSChem14.6.3,467,MTPO,1
GEOSChem14.6.3,468,UNK,1
GEOSChem14.6.3,469,IVOC,1
GEOSChem14.6.3,470,RCHO,1
GEOSChem14.6.3,471,ROH,1
GEOSChem14.6.3,472,IVOC,1
GEOSChem14.6.3,473,ROH,1
GEOSChem14.6.3,474,HACTA,1
GEOSChem14.6.3,475,IVOC,1
GEOSChem14.6.3,476,UNR,1
GEOSChem14.6.3,477,UNK,1
GEOSChem14.6.3,478,UNR,1
GEOSChem14.6.3,479,UNR,1
GEOSChem14.6.3,480,IVOC,1
GEOSChem14.6.3,481,UNK,1
GEOSChem14.6.3,482,ROH,1
GEOSChem14.6.3,483,C3H8,1
GEOSChem14.6.3,484,C3H8,1
GEOSChem14.6.3,485,TMB,1
GEOSChem14.6.3,486,TMB,1
GEOSChem14.6.3,487,UNK,1
GEOSChem14.6.3,488,UNK,1
GEOSChem14.6.3,489,UNK,1
GEOSChem14.6.3,490,IVOC,1
GEOSChem14.6.3,491,ALK4,1
GEOSChem14.6.3,492,UNK,1
GEOSChem14.6.3,493,ROH,1
GEOSChem14.6.3,494,UNK,1
GEOSChem14.6.3,495,ALK6,1
GEOSChem14.6.3,496,ALK6,1
GEOSChem14.6.3,497,PRPE,1
GEOSChem14.6.3,498,UNK,1
GEOSChem14.6.3,499,XYLE,1
GEOSChem14.6.3,500,ALK6,1
GEOSChem14.6.3,501,ALK6,1
GEOSChem14.6.3,502,XYLE,1
GEOSChem14.6.3,503,IVOC,1
GEOSChem14.6.3,504,IVOC,1
GEOSChem14.6.3,505,UNK,1
GEOSChem14.6.3,506,UNK,1
GEOSChem14.6.3,507,XYLE,1
GEOSChem14.6.3,508,ALK4,1
GEOSChem14.6.3,509,ALK6,1
GEOSChem14.6.3,510,PRPE,1
GEOSChem14.6.3,511,ISOP,1
GEOSChem14.6.3,512,UNK,1
GEOSChem14.6.3,513,ROH,1
GEOSChem14.6.3,514,TMB,1
GEOSChem14.6.3,515,ALK6,1
GEOSChem14.6.3,516,ALK6,1
GEOSChem14.6.3,517,RCHO,1
GEOSChem14.6.3,518,IVOC,1
GEOSChem14.6.3,519,UNK,1
GEOSChem14.6.3,520,UNK,1
GEOSChem14.6.3,521,MTPO,1
GEOSChem14.6.3,522,XYLE,1
GEOSChem14.6.3,523,CSL,1
GEOSChem14.6.3,524,XYLE,1
GEOSChem14.6.3,525,UNK,1
GEOSChem14.6.3,526,UNK,1
GEOSChem14.6.3,527,ROH,1
GEOSChem14.6.3,528,UNK,1
GEOSChem14.6.3,529,CH4,1
GEOSChem14.6.3,530,UNK,1
GEOSChem14.6.3,531,MOH,1
GEOSChem14.6.3,532,RCHO,1
GEOSChem14.6.3,533,CH3Br,1
GEOSChem14.6.3,534,ROH,1
GEOSChem14.6.3,535,CH3Cl,1
GEOSChem14.6.3,536,MEK,1
GEOSChem14.6.3,537,UNK,1
GEOSChem14.6.3,538,ALK6,1
GEOSChem14.6.3,539,RCHO,1
GEOSChem14.6.3,540,UNK,1
GEOSChem14.6.3,541,PRPE,1
GEOSChem14.6.3,542,RCHO,1
GEOSChem14.6.3,543,IVOC,1
GEOSChem14.6.3,544,RCHO,1
GEOSChem14.6.3,545,ALK6,1
GEOSChem14.6.3,546,CSL,1
GEOSChem14.6.3,547,TMB,1
GEOSChem14.6.3,548,UNK,1
GEOSChem14.6.3,550,ALK6,1
GEOSChem14.6.3,551,ALK6,1
GEOSChem14.6.3,552,UNK,1
GEOSChem14.6.3,553,PRPE,1
GEOSChem14.6.3,554,UNR,1
GEOSChem14.6.3,555,UNR,1
GEOSChem14.6.3,556,NAP,1
GEOSChem14.6.3,557,IVOC,1
GEOSChem14.6.3,558,IVOC,1
GEOSChem14.6.3,559,IVOC,1
GEOSChem14.6.3,560,UNR,1
GEOSChem14.6.3,561,UNK,1
GEOSChem14.6.3,562,RCOOH,1
GEOSChem14.6.3,563,PRPE,1
GEOSChem14.6.3,564,PRPE,1
GEOSChem14.6.3,566,NAP,1
GEOSChem14.6.3,567,UNR,1
GEOSChem14.6.3,568,UNK,1
GEOSChem14.6.3,569,UNK,1
GEOSChem14.6.3,570,ROH,1
GEOSChem14.6.3,571,ROH,1
GEOSChem14.6.3,572,C3H8,1
GEOSChem14.6.3,573,FURA,1
GEOSChem14.6.3,574,IVOC,1
GEOSChem14.6.3,575,UNR,1
GEOSChem14.6.3,576,ROH,1
GEOSChem14.6.3,577,ALK6,1
GEOSChem14.6.3,578,UNK,1
GEOSChem14.6.3,579,NAP,1
GEOSChem14.6.3,580,TMB,1
GEOSChem14.6.3,581,UNR,1
GEOSChem14.6.3,582,FURA,1
GEOSChem14.6.3,583,ALK6,1
GEOSChem14.6.3,584,UNK,1
GEOSChem14.6.3,585,IVOC,1
GEOSChem14.6.3,586,UNK,1
GEOSChem14.6.3,587,ROH,1
GEOSChem14.6.3,588,MTPA,1
GEOSChem14.6.3,589,UNK,1
GEOSChem14.6.3,590,ROH,1
GEOSChem14.6.3,591,UNR,1
GEOSChem14.6.3,592,ALK4,1
GEOSChem14.6.3,593,UNK,1
GEOSChem14.6.3,594,PRPE,1
GEOSChem14.6.3,595,ROH,1
GEOSChem14.6.3,596,XYLE,1
GEOSChem14.6.3,597,ALK6,1
GEOSChem14.6.3,598,ALK6,1
GEOSChem14.6.3,599,IVOC,1
GEOSChem14.6.3,600,ALK6,1
GEOSChem14.6.3,601,ALK6,1
GEOSChem14.6.3,602,IVOC,1
GEOSChem14.6.3,603,ALK6,1
GEOSChem14.6.3,604,ALK6,1
GEOSChem14.6.3,605,ALK4,1
GEOSChem14.6.3,606,XYLE,1
GEOSChem14.6.3,607,ROH,1
GEOSChem14.6.3,608,TMB,1
GEOSChem14.6.3,609,IVOC,1
GEOSChem14.6.3,610,UNK,1
GEOSChem14.6.3,611,NAP,1
GEOSChem14.6.3,612,UNK,1
GEOSChem14.6.3,613,UNK,1
GEOSChem14.6.3,614,UNR,1
GEOSChem14.6.3,616,FURA,1
GEOSChem14.6.3,617,UNR,1
GEOSChem14.6.3,618,CSL,1
GEOSChem14.6.3,619,XYLE,1
GEOSChem14.6.3,620,XYLE,1
GEOSChem14.6.3,621,ALK6,1
GEOSChem14.6.3,622,ALK6,1
GEOSChem14.6.3,623,ROH,1
GEOSChem14.6.3,624,MTPO,1
GEOSChem14.6.3,625,MTPO,1
GEOSChem14.6.3,626,UNR,1
GEOSChem14.6.3,627,UNR,1
GEOSChem14.6.3,628,ALK6,1
GEOSChem14.6.3,629,UNK,1
GEOSChem14.6.3,630,IVOC,1
GEOSChem14.6.3,631,IVOC,1
GEOSChem14.6.3,632,IVOC,1
GEOSChem14.6.3,633,ALK6,1
GEOSChem14.6.3,634,ALK6,1
GEOSChem14.6.3,635,ALK6,1
GEOSChem14.6.3,636,UNR,1
GEOSChem14.6.3,637,ROH,1
GEOSChem14.6.3,638,ALK6,1
GEOSChem14.6.3,639,ACET,1
GEOSChem14.6.3,640,ALK6,1
GEOSChem14.6.3,641,ALK6,1
GEOSChem14.6.3,642,ACET,1
GEOSChem14.6.3,643,RCHO,1
GEOSChem14.6.3,644,IVOC,1
GEOSChem14.6.3,645,UNR,1
GEOSChem14.6.3,646,CSL,1
GEOSChem14.6.3,647,UNR,1
GEOSChem14.6.3,648,XYLE,1
GEOSChem14.6.3,649,UNK,1
GEOSChem14.6.3,650,UNR,1
GEOSChem14.6.3,651,UNR,1
GEOSChem14.6.3,652,UNR,1
GEOSChem14.6.3,653,IVOC,1
GEOSChem14.6.3,654,IVOC,1
GEOSChem14.6.3,655,IVOC,1
GEOSChem14.6.3,656,IVOC,1
GEOSChem14.6.3,657,IVOC,1
GEOSChem14.6.3,658,ALK6,1
GEOSChem14.6.3,659,PRPE,1
GEOSChem14.6.3,660,UNK,1
GEOSChem14.6.3,661,UNR,1
GEOSChem14.6.3,662,UNR,1
GEOSChem14.6.3,663,PHEN,1
GEOSChem14.6.3,664,CSL,1
GEOSChem14.6.3,665,UNK,1
GEOSChem14.6.3,666,UNK,1
GEOSChem14.6.3,667,MTPA,1
GEOSChem14.6.3,668,UNR,1
GEOSChem14.6.3,669,UNK,1
GEOSChem14.6.3,671,C3H8,1
GEOSChem14.6.3,672,FURA,1
GEOSChem14.6.3,673,RCHO,1
GEOSChem14.6.3,674,UNK,1
GEOSChem14.6.3,675,PRPE,1
GEOSChem14.6.3,676,ALK6,1
GEOSChem14.6.3,677,ALK6,1
GEOSChem14.6.3,678,PRPE,1
GEOSChem14.6.3,679,IVOC,1
GEOSChem14.6.3,680,ROH,1
GEOSChem14.6.3,681,ROH,1
GEOSChem14.6.3,682,ROH,1
GEOSChem14.6.3,683,ROH,1
GEOSChem14.6.3,684,UNK,1
GEOSChem14.6.3,685,ROH,1
GEOSChem14.6.3,686,ROH,1
GEOSChem14.6.3,687,UNK,1
GEOSChem14.6.3,688,UNR,1
GEOSChem14.6.3,689,UNK,1
GEOSChem14.6.3,690,XYLE,1
GEOSChem14.6.3,691,IVOC,1
GEOSChem14.6.3,692,ROH,1
GEOSChem14.6.3,693,UNK,1
GEOSChem14.6.3,694,UNK,1
GEOSChem14.6.3,695,UNK,1
GEOSChem14.6.3,696,UNK,1
GEOSChem14.6.3,697,UNK,1
GEOSChem14.6.3,698,STYR,1
GEOSChem14.6.3,699,UNK,1
GEOSChem14.6.3,700,UNK,1
GEOSChem14.6.3,701,UNK,1
GEOSChem14.6.3,702,UNK,1
GEOSChem14.6.3,703,XYLE,1
GEOSChem14.6.3,704,ALK6,1
GEOSChem14.6.3,705,MTPO,1
GEOSChem14.6.3,706,ROH,1
GEOSChem14.6.3,707,UNK,1
GEOSChem14.6.3,708,ROH,1
GEOSChem14.6.3,709,ALK6,1
GEOSChem14.6.3,710,RCHO,1
GEOSChem14.6.3,711,ALK4,1
GEOSChem14.6.3,712,UNK,1
GEOSChem14.6.3,713,UNR,1
GEOSChem14.6.3,714,UNK,1
GEOSChem14.6.3,715,UNK,1
GEOSChem14.6.3,716,BALD,1
GEOSChem14.6.3,717,TOLU,1
GEOSChem14.6.3,718,TMB,1
GEOSChem14.6.3,719,ALK6,1
GEOSChem14.6.3,720,ALK6,1
GEOSChem14.6.3,721,ALK6,1
GEOSChem14.6.3,722,ALK6,1
GEOSChem14.6.3,723,UNK,1
GEOSChem14.6.3,724,ALK6,1
GEOSChem14.6.3,725,ALK6,1
GEOSChem14.6.3,726,ALK6,1
GEOSChem14.6.3,727,ALK6,1
GEOSChem14.6.3,728,FURA,1
GEOSChem14.6.3,729,ALK6,1
GEOSChem14.6.3,730,ALK6,1
GEOSChem14.6.3,732,ALK6,1
GEOSChem14.6.3,733,ALK6,1
GEOSChem14.6.3,734,ALK6,1
GEOSChem14.6.3,736,ALK6,1
GEOSChem14.6.3,737,PRPE,1
GEOSChem14.6.3,738,ALK6,1
GEOSChem14.6.3,739,PRPE,1
GEOSChem14.6.3,740,PRPE,1
GEOSChem14.6.3,741,PRPE,1
GEOSChem14.6.3,742,PRPE,1
GEOSChem14.6.3,743,PRPE,1
GEOSChem14.6.3,744,PRPE,1
GEOSChem14.6.3,745,PRPE,1
GEOSChem14.6.3,746,PRPE,1
GEOSChem14.6.3,747,UNK,1
GEOSChem14.6.3,748,UNR,1
GEOSChem14.6.3,749,UNR,1
GEOSChem14.6.3,750,UNR,1
GEOSChem14.6.3,751,ALK6,1
GEOSChem14.6.3,752,ALK6,1
GEOSChem14.6.3,753,IVOC,1
GEOSChem14.6.3,754,UNR,1
GEOSChem14.6.3,755,TMB,1
GEOSChem14.6.3,756,ALK6,1
GEOSChem14.6.3,757,ROH,1
GEOSChem14.6.3,758,RCHO,1
GEOSChem14.6.3,759,PRPE,1
GEOSChem14.6.3,760,UNK,1
GEOSChem14.6.3,761,MTPA,1
GEOSChem14.6.3,763,IVOC,1
GEOSChem14.6.3,765,UNK,1
GEOSChem14.6.3,766,UNR,1
GEOSChem14.6.3,767,UNK,1
GEOSChem14.6.3,768,PRPE,1
GEOSChem14.6.3,769,UNK,1
GEOSChem14.6.3,770,PRPE,1
GEOSChem14.6.3,771,IVOC,1
GEOSChem14.6.3,772,ALK6,1
GEOSChem14.6.3,773,IVOC,1
GEOSChem14.6.3,774,ALK6,1
GEOSChem14.6.3,775,XYLE,1
GEOSChem14.6.3,776,CSL,1
GEOSChem14.6.3,777,UNK,1
GEOSChem14.6.3,778,UNK,1
GEOSChem14.6.3,779,UNK,1
GEOSChem14.6.3,784,UNK,1
GEOSChem14.6.3,785,UNK,1
GEOSChem14.6.3,788,UNR,1
GEOSChem14.6.3,789,UNK,1
GEOSChem14.6.3,790,UNK,1
GEOSChem14.6.3,791,UNK,1
GEOSChem14.6.3,792,UNK,1
GEOSChem14.6.3,794,UNK,1
GEOSChem14.6.3,795,UNK,1
GEOSChem14.6.3,796,UNK,1
GEOSChem14.6.3,797,UNK,1
GEOSChem14.6.3,810,UNK,1
GEOSChem14.6.3,830,UNK,1
GEOSChem14.6.3,831,UNK,1
GEOSChem14.6.3,839,GLYX,1
GEOSChem14.6.3,840,RCHO,1
GEOSChem14.6.3,843,UNK,1
GEOSChem14.6.3,845,RCHO,1
GEOSChem14.6.3,846,NAP,1
GEOSChem14.6.3,847,NAP,1
GEOSChem14.6.3,848,UNR,1
GEOSChem14.6.3,849,UNR,1
GEOSChem14.6.3,850,UNR,1
GEOSChem14.6.3,851,NAP,1
GEOSChem14.6.3,852,UNR,1
GEOSChem14.6.3,853,UNR,1
GEOSChem14.6.3,854,UNR,1
GEOSChem14.6.3,855,UNR,1
GEOSChem14.6.3,856,UNR,1
GEOSChem14.6.3,857,UNR,1
GEOSChem14.6.3,858,UNR,1
GEOSChem14.6.3,859,NAP,1
GEOSChem14.6.3,860,NAP,1
GEOSChem14.6.3,861,UNR,1
GEOSChem14.6.3,862,UNR,1
GEOSChem14.6.3,864,UNR,1
GEOSChem14.6.3,865,UNR,1
GEOSChem14.6.3,866,UNR,1
GEOSChem14.6.3,867,UNR,1
GEOSChem14.6.3,868,UNR,1
GEOSChem14.6.3,869,UNR,1
GEOSChem14.6.3,870,UNR,1
GEOSChem14.6.3,871,NAP,1
GEOSChem14.6.3,872,UNR,1
GEOSChem14.6.3,873,NAP,1
GEOSChem14.6.3,875,NAP,1
GEOSChem14.6.3,876,UNR,1
GEOSChem14.6.3,877,NAP,1
GEOSChem14.6.3,878,NAP,1
GEOSChem14.6.3,879,NAP,1
GEOSChem14.6.3,880,NAP,1
GEOSChem14.6.3,881,NAP,1
GEOSChem14.6.3,882,UNR,1
GEOSChem14.6.3,883,NAP,1
GEOSChem14.6.3,884,UNR,1
GEOSChem14.6.3,885,NAP,1
GEOSChem14.6.3,886,UNR,1
GEOSChem14.6.3,887,UNR,1
GEOSChem14.6.3,888,NAP,1
GEOSChem14.6.3,889,UNR,1
GEOSChem14.6.3,890,NAP,1
GEOSChem14.6.3,891,NAP,1
GEOSChem14.6.3,892,UNR,1
GEOSChem14.6.3,893,UNR,1
GEOSChem14.6.3,894,UNR,1
GEOSChem14.6.3,895,NAP,1
GEOSChem14.6.3,896,UNR,1
GEOSChem14.6.3,897,UNR,1
GEOSChem14.6.3,898,UNR,1
GEOSChem14.6.3,899,NAP,1
GEOSChem14.6.3,901,UNR,1
GEOSChem14.6.3,902,NAP,1
GEOSChem14.6.3,903,UNR,1
GEOSChem14.6.3,904,UNR,1
GEOSChem14.6.3,905,UNR,1
GEOSChem14.6.3,906,NAP,1
GEOSChem14.6.3,907,NAP,1
GEOSChem14.6.3,908,NAP,1
GEOSChem14.6.3,909,UNR,1
GEOSChem14.6.3,910,UNR,1
GEOSChem14.6.3,911,UNR,1
GEOSChem14.6.3,912,UNR,1
GEOSChem14.6.3,913,UNR,1
GEOSChem14.6.3,914,UNR,1
GEOSChem14.6.3,915,UNR,1
GEOSChem14.6.3,916,NAP,1
GEOSChem14.6.3,917,UNR,1
GEOSChem14.6.3,918,UNR,1
GEOSChem14.6.3,919,UNR,1
GEOSChem14.6.3,920,UNR,1
GEOSChem14.6.3,921,UNR,1
GEOSChem14.6.3,922,UNR,1
GEOSChem14.6.3,923,UNR,1
GEOSChem14.6.3,924,UNR,1
GEOSChem14.6.3,925,UNR,1
GEOSChem14.6.3,926,UNR,1
GEOSChem14.6.3,927,UNR,1
GEOSChem14.6.3,928,UNR,1
GEOSChem14.6.3,929,UNR,1
GEOSChem14.6.3,930,UNR,1
GEOSChem14.6.3,931,UNR,1
GEOSChem14.6.3,932,NAP,1
GEOSChem14.6.3,933,UNR,1
GEOSChem14.6.3,934,UNR,1
GEOSChem14.6.3,935,CSL,1
GEOSChem14.6.3,936,UNR,1
GEOSChem14.6.3,937,XYLE,1
GEOSChem14.6.3,938,ROH,1
GEOSChem14.6.3,939,UNR,1
GEOSChem14.6.3,940,MTPO,1
GEOSChem14.6.3,941,RCOOH,1
GEOSChem14.6.3,942,UNR,1
GEOSChem14.6.3,943,UNR,1
GEOSChem14.6.3,944,UNR,1
GEOSChem14.6.3,945,UNR,1
GEOSChem14.6.3,946,UNR,1
GEOSChem14.6.3,947,CSL,1
GEOSChem14.6.3,948,UNR,1
GEOSChem14.6.3,949,UNR,1
GEOSChem14.6.3,950,RCOOH,1
GEOSChem14.6.3,951,UNR,1
GEOSChem14.6.3,952,CSL,1
GEOSChem14.6.3,953,UNR,1
GEOSChem14.6.3,954,UNR,1
GEOSChem14.6.3,955,UNR,1
GEOSChem14.6.3,956,CSL,1
GEOSChem14.6.3,957,UNR,1
GEOSChem14.6.3,958,UNR,1
GEOSChem14.6.3,959,UNR,1
GEOSChem14.6.3,960,UNR,1
GEOSChem14.6.3,961,UNR,1
GEOSChem14.6.3,962,UNR,1
GEOSChem14.6.3,963,UNR,1
GEOSChem14.6.3,964,FURA,1
GEOSChem14.6.3,965,UNR,1
GEOSChem14.6.3,966,UNR,1
GEOSChem14.6.3,967,UNR,1
GEOSChem14.6.3,968,UNR,1
GEOSChem14.6.3,969,UNR,1
GEOSChem14.6.3,970,UNR,1
GEOSChem14.6.3,971,UNR,1
GEOSChem14.6.3,972,UNR,1
GEOSChem14.6.3,973,UNR,1
GEOSChem14.6.3,976,XYLE,1
GEOSChem14.6.3,977,MTPA,1
GEOSChem14.6.3,979,IVOC,1
GEOSChem14.6.3,981,XYLE,1
GEOSChem14.6.3,986,UNR,1
GEOSChem14.6.3,988,UNR,1
GEOSChem14.6.3,989,UNR,1
GEOSChem14.6.3,990,UNR,1
GEOSChem14.6.3,992,UNR,1
GEOSChem14.6.3,993,UNR,1
GEOSChem14.6.3,994,UNR,1
GEOSChem14.6.3,996,PRPE,1
GEOSChem14.6.3,997,RCHO,1
GEOSChem14.6.3,998,RCHO,1
GEOSChem14.6.3,999,UNR,1
GEOSChem14.6.3,1000,UNR,1
GEOSChem14.6.3,1001,XYLE,1
GEOSChem14.6.3,1002,XYLE,1
GEOSChem14.6.3,1003,IVOC,1
GEOSChem14.6.3,1004,UNR,1
GEOSChem14.6.3,1005,UNR,1
GEOSChem14.6.3,1006,UNR,1
GEOSChem14.6.3,1007,IVOC,1
GEOSChem14.6.3,1008,UNR,1
GEOSChem14.6.3,1010,UNR,1
GEOSChem14.6.3,1011,UNR,1
GEOSChem14.6.3,1012,FURA,1
GEOSChem14.6.3,1013,FURA,1
GEOSChem14.6.3,1014,FURA,1
GEOSChem14.6.3,1015,IVOC,1
GEOSChem14.6.3,1016,IVOC,1
GEOSChem14.6.3,1017,UNR,1
GEOSChem14.6.3,1018,RCHO,1
GEOSChem14.6.3,1019,UNR,1
GEOSChem14.6.3,1020,UNK,1
GEOSChem14.6.3,1021,IVOC,1
GEOSChem14.6.3,1022,UNR,1
GEOSChem14.6.3,1023,XYLE,1
GEOSChem14.6.3,1024,UNR,1
GEOSChem14.6.3,1025,UNR,1
GEOSChem14.6.3,1026,UNR,1
GEOSChem14.6.3,1027,UNR,1
GEOSChem14.6.3,1028,XYLE,1
GEOSChem14.6.3,1030,LIMO,1
GEOSChem14.6.3,1036,TMB,1
GEOSChem14.6.3,1042,UNR,1
GEOSChem14.6.3,1043,IVOC,1
GEOSChem14.6.3,1044,BALD,1
GEOSChem14.6.3,1045,IVOC,1
GEOSChem14.6.3,1047,IVOC,1
GEOSChem14.6.3,1048,IVOC,1
GEOSChem14.6.3,1049,IVOC,1
GEOSChem14.6.3,1051,IVOC,1
GEOSChem14.6.3,1056,UNR,1
GEOSChem14.6.3,1057,RCHO,1
GEOSChem14.6.3,1065,RCHO,1
GEOSChem14.6.3,1066,UNR,1
GEOSChem14.6.3,1079,XYLE,1
GEOSChem14.6.3,1081,XYLE,1
GEOSChem14.6.3,1082,PRPE,1
GEOSChem14.6.3,1083,MTPA,1
GEOSChem14.6.3,1093,PRPE,1
GEOSChem14.6.3,1098,TMB,1
GEOSChem14.6.3,1106,NAP,1
GEOSChem14.6.3,1109,ALK6,1
GEOSChem14.6.3,1118,FURA,1
GEOSChem14.6.3,1120,IVOC,1
GEOSChem14.6.3,1123,PRPE,1
GEOSChem14.6.3,1125,XYLE,1
GEOSChem14.6.3,1127,IVOC,1
GEOSChem14.6.3,1133,XYLE,1
GEOSChem14.6.3,1134,XYLE,1
GEOSChem14.6.3,1135,XYLE,1
GEOSChem14.6.3,1136,XYLE,1
GEOSChem14.6.3,1153,PRPE,1
GEOSChem14.6.3,1161,XYLE,1
GEOSChem14.6.3,1165,UNR,1
GEOSChem14.6.3,1166,UNR,1
GEOSChem14.6.3,1167,NAP,1
GEOSChem14.6.3,1168,UNR,1
GEOSChem14.6.3,1169,UNR,1
GEOSChem14.6.3,1170,UNR,1
GEOSChem14.6.3,1171,UNR,1
GEOSChem14.6.3,1172,UNR,1
GEOSChem14.6.3,1173,UNR,1
GEOSChem14.6.3,1174,UNR,1
GEOSChem14.6.3,1183,UNK,1
GEOSChem14.6.3,1190,UNK,1
GEOSChem14.6.3,1194,IVOC,1
GEOSChem14.6.3,1253,UNR,1
GEOSChem14.6.3,1254,NAP,1
GEOSChem14.6.3,1255,NAP,1
GEOSChem14.6.3,1256,UNR,1
GEOSChem14.6.3,1257,UNR,1
GEOSChem14.6.3,1265,NAP,1
GEOSChem14.6.3,1266,UNR,1
GEOSChem14.6.3,1267,NAP,1
GEOSChem14.6.3,1268,NAP,1
GEOSChem14.6.3,1269,UNR,1
GEOSChem14.6.3,1270,UNR,1
GEOSChem14.6.3,1275,UNR,1
GEOSChem14.6.3,1280,UNR,1
GEOSChem14.6.3,1281,UNR,1
GEOSChem14.6.3,1288,UNR,1
GEOSChem14.6.3,1289,NAP,1
GEOSChem14.6.3,1290,NAP,1
GEOSChem14.6.3,1293,UNR,1
GEOSChem14.6.3,1296,UNR,1
GEOSChem14.6.3,1298,NAP,1
GEOSChem14.6.3,1301,UNR,1
GEOSChem14.6.3,1302,UNR,1
GEOSChem14.6.3,1312,UNR,1
GEOSChem14.6.3,1313,NAP,1
GEOSChem14.6.3,1314,UNR,1
GEOSChem14.6.3,1315,UNR,1
GEOSChem14.6.3,1316,NAP,1
GEOSChem14.6.3,1317,NAP,1
GEOSChem14.6.3,1320,NAP,1
GEOSChem14.6.3,1321,UNR,1
GEOSChem14.6.3,1325,NAP,1
GEOSChem14.6.3,1326,UNR,1
GEOSChem14.6.3,1328,NAP,1
GEOSChem14.6.3,1330,NAP,1
GEOSChem14.6.3,1352,NAP,1
GEOSChem14.6.3,1357,UNR,1
GEOSChem14.6.3,1387,UNR,1
GEOSChem14.6.3,1390,UNR,1
GEOSChem14.6.3,1391,UNR,1
GEOSChem14.6.3,1392,UNR,1
GEOSChem14.6.3,1393,UNR,1
GEOSChem14.6.3,1396,UNR,1
GEOSChem14.6.3,1397,UNR,1
GEOSChem14.6.3,1398,UNR,1
GEOSChem14.6.3,1402,UNR,1
GEOSChem14.6.3,1407,UNR,1
GEOSChem14.6.3,1408,UNR,1
GEOSChem14.6.3,1409,UNR,1
GEOSChem14.6.3,1410,UNR,1
GEOSChem14.6.3,1411,UNR,1
GEOSChem14.6.3,1413,UNR,1
GEOSChem14.6.3,1415,UNR,1
GEOSChem14.6.3,1416,UNR,1
GEOSChem14.6.3,1418,UNR,1
GEOSChem14.6.3,1423,UNR,1
GEOSChem14.6.3,1437,UNR,1
GEOSChem14.6.3,1438,CSL,1
GEOSChem14.6.3,1460,CSL,1
GEOSChem14.6.3,1461,NAP,1
GEOSChem14.6.3,1462,BALD,1
GEOSChem14.6.3,1463,UNR,1
GEOSChem14.6.3,1464,MGLY,1
GEOSChem14.6.3,1465,IVOC,1
GEOSChem14.6.3,1466,IVOC,1
GEOSChem14.6.3,1467,BALD,1
GEOSChem14.6.3,1468,UNK,1
GEOSChem14.6.3,1469,ALK6,1
GEOSChem14.6.3,1470,ALK6,1
GEOSChem14.6.3,1471,ALK6,1
GEOSChem14.6.3,1472,ALK6,1
GEOSChem14.6.3,1473,ALK6,1
GEOSChem14.6.3,1474,ALK6,1
GEOSChem14.6.3,1475,ALK6,1
GEOSChem14.6.3,1476,ALK6,1
GEOSChem14.6.3,1477,ALK6,1
GEOSChem14.6.3,1478,ALK6,1
GEOSChem14.6.3,1479,ALK6,1
GEOSChem14.6.3,1480,ALK6,1
GEOSChem14.6.3,1481,ALK6,1
GEOSChem14.6.3,1482,ALK6,1
GEOSChem14.6.3,1484,ALK6,1
GEOSChem14.6.3,1485,ALK6,1
GEOSChem14.6.3,1486,ALK6,1
GEOSChem14.6.3,1487,UNK,1
GEOSChem14.6.3,1488,ALK6,1
GEOSChem14.6.3,1489,ALK6,1
GEOSChem14.6.3,1490,ALK6,1
GEOSChem14.6.3,1491,ALK6,1
GEOSChem14.6.3,1492,UNK,1
GEOSChem14.6.3,1493,UNK,1
GEOSChem14.6.3,1494,UNK,1
GEOSChem14.6.3,1495,UNK,1
GEOSChem14.6.3,1496,XYLE,1
GEOSChem14.6.3,1497,UNK,1
GEOSChem14.6.3,1498,UNK,1
GEOSChem14.6.3,1499,UNK,1
GEOSChem14.6.3,1500,ALK6,1
GEOSChem14.6.3,1501,ALK6,1
GEOSChem14.6.3,1502,ALK6,1
GEOSChem14.6.3,1503,ALK6,1
GEOSChem14.6.3,1504,ALK6,1
GEOSChem14.6.3,1505,UNK,1
GEOSChem14.6.3,1506,UNK,1
GEOSChem14.6.3,1507,IVOC,1
GEOSChem14.6.3,1508,UNK,1
GEOSChem14.6.3,1509,UNK,1
GEOSChem14.6.3,1510,UNK,1
GEOSChem14.6.3,1511,UNK,1
GEOSChem14.6.3,1512,UNK,1
GEOSChem14.6.3,1513,IVOC,1
GEOSChem14.6.3,1514,IVOC,1
GEOSChem14.6.3,1515,IVOC,1
GEOSChem14.6.3,1516,IVOC,1
GEOSChem14.6.3,1517,IVOC,1
GEOSChem14.6.3,1518,UNK,1
GEOSChem14.6.3,1519,PRPE,1
GEOSChem14.6.3,1520,UNK,1
GEOSChem14.6.3,1521,UNK,1
GEOSChem14.6.3,1522,UNK,1
GEOSChem14.6.3,1523,UNK,1
GEOSChem14.6.3,1524,IVOC,1
GEOSChem14.6.3,1525,ALK6,1
GEOSChem14.6.3,1526,IVOC,1
GEOSChem14.6.3,1527,ALK6,1
GEOSChem14.6.3,1528,UNK,1
GEOSChem14.6.3,1529,ALK6,1
GEOSChem14.6.3,1530,UNK,1
GEOSChem14.6.3,1531,IVOC,1
GEOSChem14.6.3,1532,IVOC,1
GEOSChem14.6.3,1533,UNK,1
GEOSChem14.6.3,1535,ALK6,1
GEOSChem14.6.3,1536,ALK6,1
GEOSChem14.6.3,1537,ALK6,1
GEOSChem14.6.3,1538,ALK6,1
GEOSChem14.6.3,1539,ALK6,1
GEOSChem14.6.3,1540,ALK6,1
GEOSChem14.6.3,1541,ALK6,1
GEOSChem14.6.3,1542,ALK6,1
GEOSChem14.6.3,1543,ALK6,1
GEOSChem14.6.3,1544,ALK6,1
GEOSChem14.6.3,1545,ALK6,1
GEOSChem14.6.3,1546,ALK6,1
GEOSChem14.6.3,1547,XYLE,1
GEOSChem14.6.3,1548,XYLE,1
GEOSChem14.6.3,1549,ALK6,1
GEOSChem14.6.3,1550,UNK,1
GEOSChem14.6.3,1551,ALK6,1
GEOSChem14.6.3,1552,UNK,1
GEOSChem14.6.3,1553,ALK6,1
GEOSChem14.6.3,1554,XYLE,1
GEOSChem14.6.3,1555,XYLE,1
GEOSChem14.6.3,1556,XYLE,1
GEOSChem14.6.3,1557,IVOC,1
GEOSChem14.6.3,1558,XYLE,1
GEOSChem14.6.3,1560,NAP,1
GEOSChem14.6.3,1561,IVOC,1
GEOSChem14.6.3,1562,XYLE,1
GEOSChem14.6.3,1563,XYLE,1
GEOSChem14.6.3,1564,XYLE,1
GEOSChem14.6.3,1565,XYLE,1
GEOSChem14.6.3,1566,XYLE,1
GEOSChem14.6.3,1567,XYLE,1
GEOSChem14.6.3,1569,XYLE,1
GEOSChem14.6.3,1572,XYLE,1
GEOSChem14.6.3,1573,XYLE,1
GEOSChem14.6.3,1574,XYLE,1
GEOSChem14.6.3,1575,XYLE,1
GEOSChem14.6.3,1576,XYLE,1
GEOSChem14.6.3,1577,XYLE,1
GEOSChem14.6.3,1578,ALK6,1
GEOSChem14.6.3,1579,ALK6,1
GEOSChem14.6.3,1580,ALK6,1
GEOSChem14.6.3,1581,XYLE,1
GEOSChem14.6.3,1582,IVOC,1
GEOSChem14.6.3,1583,UNK,1
GEOSChem14.6.3,1584,PRPE,1
GEOSChem14.6.3,1585,PRPE,1
GEOSChem14.6.3,1586,ALK6,1
GEOSChem14.6.3,1587,PRPE,1
GEOSChem14.6.3,1588,ALK6,1
GEOSChem14.6.3,1589,ALK6,1
GEOSChem14.6.3,1590,ALK6,1
GEOSChem14.6.3,1591,PRPE,1
GEOSChem14.6.3,1592,ALK6,1
GEOSChem14.6.3,1593,ALK6,1
GEOSChem14.6.3,1594,ALK6,1
GEOSChem14.6.3,1595,IVOC,1
GEOSChem14.6.3,1596,UNR,1
GEOSChem14.6.3,1597,UNR,1
GEOSChem14.6.3,1598,UNR,1
GEOSChem14.6.3,1599,UNR,1
GEOSChem14.6.3,1600,UNR,1
GEOSChem14.6.3,1601,UNR,1
GEOSChem14.6.3,1602,UNR,1
GEOSChem14.6.3,1603,UNR,1
GEOSChem14.6.3,1604,UNR,1
GEOSChem14.6.3,1605,UNR,1
GEOSChem14.6.3,1606,UNR,1
GEOSChem14.6.3,1607,UNR,1
GEOSChem14.6.3,1608,UNR,1
GEOSChem14.6.3,1609,UNR,1
GEOSChem14.6.3,1610,UNR,1
GEOSChem14.6.3,1611,UNR,1
GEOSChem14.6.3,1612,CSL,1
GEOSChem14.6.3,1613,CSL,1
GEOSChem14.6.3,1614,UNR,1
GEOSChem14.6.3,1615,UNR,1
GEOSChem14.6.3,1616,UNR,1
GEOSChem14.6.3,1617,RCOOH,1
GEOSChem14.6.3,1618,RCOOH,1
GEOSChem14.6.3,1619,IVOC,1
GEOSChem14.6.3,1620,UNR,1
GEOSChem14.6.3,1621,UNR,1
GEOSChem14.6.3,1622,UNR,1
GEOSChem14.6.3,1623,UNR,1
GEOSChem14.6.3,1624,UNR,1
GEOSChem14.6.3,1625,UNR,1
GEOSChem14.6.3,1626,UNR,1
GEOSChem14.6.3,1628,UNR,1
GEOSChem14.6.3,1629,UNR,1
GEOSChem14.6.3,1630,UNR,1
GEOSChem14.6.3,1631,TMB,1
GEOSChem14.6.3,1632,UNR,1
GEOSChem14.6.3,1633,UNR,1
GEOSChem14.6.3,1634,UNR,1
GEOSChem14.6.3,1635,BALD,1
GEOSChem14.6.3,1636,UNR,1
GEOSChem14.6.3,1637,UNR,1
GEOSChem14.6.3,1638,UNR,1
GEOSChem14.6.3,1639,UNR,1
GEOSChem14.6.3,1640,UNR,1
GEOSChem14.6.3,1641,UNR,1
GEOSChem14.6.3,1642,UNR,1
GEOSChem14.6.3,1643,UNR,1
GEOSChem14.6.3,1644,TMB,1
GEOSChem14.6.3,1645,UNR,1
GEOSChem14.6.3,1646,UNR,1
GEOSChem14.6.3,1647,UNR,1
GEOSChem14.6.3,1649,PRPE,1
GEOSChem14.6.3,1650,UNR,1
GEOSChem14.6.3,1651,PRPE,1
GEOSChem14.6.3,1652,XYLE,1
GEOSChem14.6.3,1654,PRPE,1
GEOSChem14.6.3,1655,XYLE,1
GEOSChem14.6.3,1656,RCHO,1
GEOSChem14.6.3,1658,IVOC,1
GEOSChem14.6.3,1659,IVOC,1
GEOSChem14.6.3,1660,IVOC,1
GEOSChem14.6.3,1661,IVOC,1
GEOSChem14.6.3,1662,IVOC,1
GEOSChem14.6.3,1663,IVOC,1
GEOSChem14.6.3,1664,IVOC,1
GEOSChem14.6.3,1665,RCHO,1
GEOSChem14.6.3,1666,IVOC,1
GEOSChem14.6.3,1667,IVOC,1
GEOSChem14.6.3,1668,IVOC,1
GEOSChem14.6.3,1669,IVOC,1
GEOSChem14.6.3,1670,FURA,1
GEOSChem14.6.3,1671,MTPO,1
GEOSChem14.6.3,1672,IVOC,1
GEOSChem14.6.3,1673,RCOOH,1
GEOSChem14.6.3,1674,IVOC,1
GEOSChem14.6.3,1675,IVOC,1
GEOSChem14.6.3,1676,IVOC,1
GEOSChem14.6.3,1677,IVOC,1
GEOSChem14.6.3,1678,UNK,1
GEOSChem14.6.3,1679,IVOC,1
GEOSChem14.6.3,1680,UNK,1
GEOSChem14.6.3,1681,UNR,1
GEOSChem14.6.3,1683,UNR,1
GEOSChem14.6.3,1684,IVOC,1
GEOSChem14.6.3,1685,IVOC,1
GEOSChem14.6.3,1686,IVOC,1
GEOSChem14.6.3,1687,IVOC,1
GEOSChem14.6.3,1688,IVOC,1
GEOSChem14.6.3,1689,UNR,1
GEOSChem14.6.3,1690,IVOC,1
GEOSChem14.6.3,1691,UNK,1
GEOSChem14.6.3,1692,IVOC,1
GEOSChem14.6.3,1693,IVOC,1
GEOSChem14.6.3,1694,IVOC,1
GEOSChem14.6.3,1695,IVOC,1
GEOSChem14.6.3,1696,NAP,1
GEOSChem14.6.3,1697,UNR,1
GEOSChem14.6.3,1698,UNR,1
GEOSChem14.6.3,1699,UNR,1
GEOSChem14.6.3,1700,UNR,1
GEOSChem14.6.3,1701,UNR,1
GEOSChem14.6.3,1702,UNR,1
GEOSChem14.6.3,1703,UNR,1
GEOSChem14.6.3,1704,IVOC,1
GEOSChem14.6.3,1705,IVOC,1
GEOSChem14.6.3,1706,NAP,1
GEOSChem14.6.3,1707,NAP,1
GEOSChem14.6.3,1708,UNR,1
GEOSChem14.6.3,1709,ALK6,1
GEOSChem14.6.3,1710,IVOC,1
GEOSChem14.6.3,1711,BALD,1
GEOSChem14.6.3,1712,BALD,1
GEOSChem14.6.3,1713,TMB,1
GEOSChem14.6.3,1714,NAP,1
GEOSChem14.6.3,1715,UNR,1
GEOSChem14.6.3,1716,IVOC,1
GEOSChem14.6.3,1717,IVOC,1
GEOSChem14.6.3,1718,UNR,1
GEOSChem14.6.3,1719,UNR,1
GEOSChem14.6.3,1720,UNR,1
GEOSChem14.6.3,1721,UNR,1
GEOSChem14.6.3,1722,UNR,1
GEOSChem14.6.3,1723,UNR,1
GEOSChem14.6.3,1724,UNR,1
GEOSChem14.6.3,1725,UNR,1
GEOSChem14.6.3,1726,UNR,1
GEOSChem14.6.3,1727,UNR,1
GEOSChem14.6.3,1728,UNR,1
GEOSChem14.6.3,1729,UNK,1
GEOSChem14.6.3,1730,UNR,1
GEOSChem14.6.3,1731,UNR,1
GEOSChem14.6.3,1732,UNR,1
GEOSChem14.6.3,1733,UNR,1
GEOSChem14.6.3,1734,UNR,1
GEOSChem14.6.3,1735,UNR,1
GEOSChem14.6.3,1736,UNR,1
GEOSChem14.6.3,1737,UNR,1
GEOSChem14.6.3,1738,UNR,1
GEOSChem14.6.3,1739,UNR,1
GEOSChem14.6.3,1740,UNR,1
GEOSChem14.6.3,1741,UNR,1
GEOSChem14.6.3,1742,UNR,1
GEOSChem14.6.3,1743,UNR,1
GEOSChem14.6.3,1744,UNR,1
GEOSChem14.6.3,1745,UNR,1
GEOSChem14.6.3,1746,XYLE,1
GEOSChem14.6.3,1747,FURA,1
GEOSChem14.6.3,1748,FURA,1
GEOSChem14.6.3,1749,TMB,1
GEOSChem14.6.3,1750,TMB,1
GEOSChem14.6.3,1751,RCHO,1
GEOSChem14.6.3,1752,CSL,1
GEOSChem14.6.3,1753,CSL,1
GEOSChem14.6.3,1754,CSL,1
GEOSChem14.6.3,1755,XYLE,1
GEOSChem14.6.3,1756,UNR,1
GEOSChem14.6.3,1757,XYLE,1
GEOSChem14.6.3,1758,CSL,1
GEOSChem14.6.3,1759,NAP,1
GEOSChem14.6.3,1760,CSL,1
GEOSChem14.6.3,1762,BALD,1
GEOSChem14.6.3,1763,UNR,1
GEOSChem14.6.3,1764,UNR,1
GEOSChem14.6.3,1765,UNR,1
GEOSChem14.6.3,1766,IVOC,1
GEOSChem14.6.3,1767,UNR,1
GEOSChem14.6.3,1768,UNR,1
GEOSChem14.6.3,1770,UNR,1
GEOSChem14.6.3,1773,UNR,1
GEOSChem14.6.3,1774,UNR,1
GEOSChem14.6.3,1776,UNR,1
GEOSChem14.6.3,1777,BALD,1
GEOSChem14.6.3,1778,UNR,1
GEOSChem14.6.3,1779,IVOC,1
GEOSChem14.6.3,1780,UNR,1
GEOSChem14.6.3,1782,UNR,1
GEOSChem14.6.3,1783,UNR,1
GEOSChem14.6.3,1784,UNR,1
GEOSChem14.6.3,1785,UNR,1
GEOSChem14.6.3,1786,IVOC,1
GEOSChem14.6.3,1787,IVOC,1
GEOSChem14.6.3,1788,IVOC,1
GEOSChem14.6.3,1789,FURA,1
GEOSChem14.6.3,1790,IVOC,1
GEOSChem14.6.3,1793,UNR,1
GEOSChem14.6.3,1795,UNR,1
GEOSChem14.6.3,1796,UNR,1
GEOSChem14.6.3,1797,UNR,1
GEOSChem14.6.3,1799,UNR,1
GEOSChem14.6.3,1800,FURA,1
GEOSChem14.6.3,1801,NAP,1
GEOSChem14.6.3,1802,UNR,1
GEOSChem14.6.3,1803,FURA,1
GEOSChem14.6.3,1804,FURA,1
GEOSChem14.6.3,1805,ALK6,1
GEOSChem14.6.3,1806,ALK6,1
GEOSChem14.6.3,1807,IVOC,1
GEOSChem14.6.3,1808,UNR,1
GEOSChem14.6.3,1809,XYLE,1
GEOSChem14.6.3,1810,ALK6,1
GEOSChem14.6.3,1811,IVOC,1
GEOSChem14.6.3,1812,TMB,1
GEOSChem14.6.3,1813,TMB,1
GEOSChem14.6.3,1814,CSL,1
GEOSChem14.6.3,1815,CSL,1
GEOSChem14.6.3,1816,UNK,1
GEOSChem14.6.3,1817,ALK6,1
GEOSChem14.6.3,1818,TMB,1
GEOSChem14.6.3,1819,ALK6,1
GEOSChem14.6.3,1820,FURA,1
GEOSChem14.6.3,1821,UNR,1
GEOSChem14.6.3,1822,UNR,1
GEOSChem14.6.3,1823,RCOOH,1
GEOSChem14.6.3,1824,UNK,1
GEOSChem14.6.3,1825,RCHO,1
GEOSChem14.6.3,1826,XYLE,1
GEOSChem14.6.3,1827,FURA,1
GEOSChem14.6.3,1828,FURA,1
GEOSChem14.6.3,1829,XYLE,1
GEOSChem14.6.3,1830,UNR,1
GEOSChem14.6.3,1831,UNR,1
GEOSChem14.6.3,1832,UNR,1
GEOSChem14.6.3,1833,UNR,1
GEOSChem14.6.3,1834,CSL,1
GEOSChem14.6.3,1835,UNR,1
GEOSChem14.6.3,1836,ROH,1
GEOSChem14.6.3,1837,IVOC,1
GEOSChem14.6.3,1838,IVOC,1
GEOSChem14.6.3,1839,UNK,1
GEOSChem14.6.3,1840,IVOC,1
GEOSChem14.6.3,1841,IVOC,1
GEOSChem14.6.3,1843,UNR,1
GEOSChem14.6.3,1845,IVOC,1
GEOSChem14.6.3,1846,UNR,1
GEOSChem14.6.3,1847,UNK,1
GEOSChem14.6.3,1848,UNR,1
GEOSChem14.6.3,1849,UNK,1
GEOSChem14.6.3,1850,UNK,1
GEOSChem14.6.3,1851,UNK,1
GEOSChem14.6.3,1852,UNK,1
GEOSChem14.6.3,1853,UNK,1
GEOSChem14.6.3,1854,UNK,1
GEOSChem14.6.3,1855,UNK,1
GEOSChem14.6.3,1856,UNK,1
GEOSChem14.6.3,1857,UNK,1
GEOSChem14.6.3,1858,UNK,1
GEOSChem14.6.3,1859,UNK,1
GEOSChem14.6.3,1860,UNK,1
GEOSChem14.6.3,1861,UNK,1
GEOSChem14.6.3,1862,UNK,1
GEOSChem14.6.3,1863,UNK,1
GEOSChem14.6.3,1864,UNK,1
GEOSChem14.6.3,1865,UNK,1
GEOSChem14.6.3,1866,UNK,1
GEOSChem14.6.3,1867,UNK,1
GEOSChem14.6.3,1868,UNK,1
GEOSChem14.6.3,1869,UNK,1
GEOSChem14.6.3,1870,UNK,1
GEOSChem14.6.3,1871,UNK,1
GEOSChem14.6.3,1872,UNK,1
GEOSChem14.6.3,1873,NAP,1
GEOSChem14.6.3,1874,UNR,1
GEOSChem14.6.3,1875,UNR,1
GEOSChem14.6.3,1879,PRPE,1
GEOSChem14.6.3,1880,TMB,1
GEOSChem14.6.3,1881,NAP,1
GEOSChem14.6.3,1882,CSL,1
GEOSChem14.6.3,1883,NAP,1
GEOSChem14.6.3,1884,UNK,1
GEOSChem14.6.3,1885,ROH,1
GEOSChem14.6.3,1886,PRPE,1
GEOSChem14.6.3,1887,UNK,1
GEOSChem14.6.3,1888,UNR,1
GEOSChem14.6.3,1889,PRPE,1
GEOSChem14.6.3,1890,UNK,1
GEOSChem14.6.3,1891,ROH,1
GEOSChem14.6.3,1892,RCHO,1
GEOSChem14.6.3,1893,ALK6,1
GEOSChem14.6.3,1894,ALK6,1
GEOSChem14.6.3,1895,PRPE,1
GEOSChem14.6.3,1896,UNR,1
GEOSChem14.6.3,1897,CSL,1
GEOSChem14.6.3,1898,XYLE,1
GEOSChem14.6.3,1899,XYLE,1
GEOSChem14.6.3,1900,PRPE,1
GEOSChem14.6.3,1901,UNK,1
GEOSChem14.6.3,1902,UNR,1
GEOSChem14.6.3,1903,PRPE,1
GEOSChem14.6.3,1904,MTPO,1
GEOSChem14.6.3,1905,UNR,1
GEOSChem14.6.3,1906,XYLE,1
GEOSChem14.6.3,1907,UNR,1
GEOSChem14.6.3,1908,TMB,1
GEOSChem14.6.3,1909,XYLE,1
GEOSChem14.6.3,1910,XYLE,1
GEOSChem14.6.3,1911,IVOC,1
GEOSChem14.6.3,1912,NAP,1
GEOSChem14.6.3,1913,UNK,1
GEOSChem14.6.3,1914,MTPO,1
GEOSChem14.6.3,1915,UNR,1
GEOSChem14.6.3,1916,XYLE,1
GEOSChem14.6.3,1917,ROH,1
GEOSChem14.6.3,1918,UNK,1
GEOSChem14.6.3,1919,ALK4,1
GEOSChem14.6.3,1920,IVOC,1
GEOSChem14.6.3,1921,IVOC,1
GEOSChem14.6.3,1922,CH4,1
GEOSChem14.6.3,1923,NAP,1
GEOSChem14.6.3,1924,ALK6,1
GEOSChem14.6.3,1925,PRPE,1
GEOSChem14.6.3,1926,ALK6,1
GEOSChem14.6.3,1927,XYLE,1
GEOSChem14.6.3,1928,MTPA,1
GEOSChem14.6.3,1929,UNK,1
GEOSChem14.6.3,1930,PRPE,1
GEOSChem14.6.3,1931,IVOC,1
GEOSChem14.6.3,1932,IVOC,1
GEOSChem14.6.3,1933,IVOC,1
GEOSChem14.6.3,1934,IVOC,1
GEOSChem14.6.3,1935,IVOC,1
GEOSChem14.6.3,1936,IVOC,1
GEOSChem14.6.3,1937,IVOC,1
GEOSChem14.6.3,1938,IVOC,1
GEOSChem14.6.3,1939,IVOC,1
GEOSChem14.6.3,1940,IVOC,1
GEOSChem14.6.3,1941,IVOC,1
GEOSChem14.6.3,1942,IVOC,1
GEOSChem14.6.3,1943,IVOC,1
GEOSChem14.6.3,1944,IVOC,1
GEOSChem14.6.3,1945,IVOC,1
GEOSChem14.6.3,1946,C2H6,1
GEOSChem14.6.3,1947,ALK6,1
GEOSChem14.6.3,1948,UNR,1
GEOSChem14.6.3,1949,IVOC,1
GEOSChem14.6.3,1950,UNR,1
GEOSChem14.6.3,1951,UNR,1
GEOSChem14.6.3,1952,UNR,1
GEOSChem14.6.3,1953,UNR,1
GEOSChem14.6.3,1954,UNR,1
GEOSChem14.6.3,1955,UNR,1
GEOSChem14.6.3,1956,UNR,1
GEOSChem14.6.3,1957,UNR,1
GEOSChem14.6.3,1958,UNR,1
GEOSChem14.6.3,1959,UNR,1
GEOSChem14.6.3,1960,NAP,1
GEOSChem14.6.3,1961,PRPE,1
GEOSChem14.6.3,1962,PRPE,1
GEOSChem14.6.3,1963,ALK6,1
GEOSChem14.6.3,1964,XYLE,1
GEOSChem14.6.3,1965,UNR,1
GEOSChem14.6.3,1966,UNR,1
GEOSChem14.6.3,1967,UNR,1
GEOSChem14.6.3,1968,UNR,1
GEOSChem14.6.3,1969,UNR,1
GEOSChem14.6.3,1970,UNR,1
GEOSChem14.6.3,1971,UNR,1
GEOSChem14.6.3,1972,UNR,1
GEOSChem14.6.3,1973,UNR,1
GEOSChem14.6.3,1974,UNR,1
GEOSChem14.6.3,1975,PRPE,1
GEOSChem14.6.3,1976,ALK4,1
GEOSChem14.6.3,1977,ALK6,1
GEOSChem14.6.3,1978,MTPO,1
GEOSChem14.6.3,1979,UNR,1
GEOSChem14.6.3,1980,UNR,1
GEOSChem14.6.3,1981,UNR,1
GEOSChem14.6.3,1982,UNR,1
GEOSChem14.6.3,1983,CSL,1
GEOSChem14.6.3,1984,XYLE,1
GEOSChem14.6.3,1985,XYLE,1
GEOSChem14.6.3,1986,ALK4,1
GEOSChem14.6.3,1987,IVOC,1
GEOSChem14.6.3,1988,UNK,1
GEOSChem14.6.3,1989,PRPE,1
GEOSChem14.6.3,1990,ALK4,1
GEOSChem14.6.3,1991,PRPE,1
GEOSChem14.6.3,1992,IVOC,1
GEOSChem14.6.3,1993,XYLE,1
GEOSChem14.6.3,1994,XYLE,1
GEOSChem14.6.3,1995,IVOC,1
GEOSChem14.6.3,1996,XYLE,1
GEOSChem14.6.3,1997,IVOC,1
GEOSChem14.6.3,1998,PRPE,1
GEOSChem14.6.3,1999,ALK6,1
GEOSChem14.6.3,2000,PRPE,1
GEOSChem14.6.3,2001,IVOC,1
GEOSChem14.6.3,2002,XYLE,1
GEOSChem14.6.3,2003,IVOC,1
GEOSChem14.6.3,2004,FURA,1
GEOSChem14.6.3,2005,ALK6,1
GEOSChem14.6.3,2006,ALK6,1
GEOSChem14.6.3,2007,PRPE,1
GEOSChem14.6.3,2008,ALK6,1
GEOSChem14.6.3,2009,ALK6,1
GEOSChem14.6.3,2010,RCHO,1
GEOSChem14.6.3,2011,ALK6,1
GEOSChem14.6.3,2012,ALK6,1
GEOSChem14.6.3,2013,PRPE,1
GEOSChem14.6.3,2014,ALK6,1
GEOSChem14.6.3,2015,CSL,1
GEOSChem14.6.3,2016,PRPE,1
GEOSChem14.6.3,2017,IVOC,1
GEOSChem14.6.3,2018,ALK6,1
GEOSChem14.6.3,2019,ALK6,1
GEOSChem14.6.3,2020,PRPE,1
GEOSChem14.6.3,2021,ALK6,1
GEOSChem14.6.3,2022,CSL,1
GEOSChem14.6.3,2023,MTPO,1
GEOSChem14.6.3,2024,UNR,1
GEOSChem14.6.3,2025,FURA,1
GEOSChem14.6.3,2026,UNR,1
GEOSChem14.6.3,2027,FURA,1
GEOSChem14.6.3,2028,XYLE,1
GEOSChem14.6.3,2029,UNR,1
GEOSChem14.6.3,2030,PRPE,1
GEOSChem14.6.3,2031,UNR,1
GEOSChem14.6.3,2032,UNK,1
GEOSChem14.6.3,2033,UNR,1
GEOSChem14.6.3,2034,CSL,1
GEOSChem14.6.3,2035,UNR,1
GEOSChem14.6.3,2036,ALK6,1
GEOSChem14.6.3,2037,ALK6,1
GEOSChem14.6.3,2038,ROH,1
GEOSChem14.6.3,2039,MOH,1
GEOSChem14.6.3,2040,NAP,1
GEOSChem14.6.3,2041,IVOC,1
GEOSChem14.6.3,2042,UNR,1
GEOSChem14.6.3,2043,UNR,1
GEOSChem14.6.3,2044,UNK,1
GEOSChem14.6.3,2045,UNR,1
GEOSChem14.6.3,2046,UNR,1
GEOSChem14.6.3,2047,UNK,1
GEOSChem14.6.3,2048,ROH,1
GEOSChem14.6.3,2049,XYLE,1
GEOSChem14.6.3,2050,RCHO,1
GEOSChem14.6.3,2051,UNR,1
GEOSChem14.6.3,2052,XYLE,1
GEOSChem14.6.3,2053,UNK,1
GEOSChem14.6.3,2054,NAP,1
GEOSChem14.6.3,2055,XYLE,1
GEOSChem14.6.3,2056,UNK,1
GEOSChem14.6.3,2057,UNK,1
GEOSChem14.6.3,2058,PRPE,1
GEOSChem14.6.3,2059,IVOC,1
GEOSChem14.6.3,2060,RCHO,1
GEOSChem14.6.3,2061,ALK6,1
GEOSChem14.6.3,2062,PRPE,1
GEOSChem14.6.3,2063,TMB,1
GEOSChem14.6.3,2064,ROH,1
GEOSChem14.6.3,2065,FURA,1
GEOSChem14.6.3,2066,IVOC,1
GEOSChem14.6.3,2067,ALK6,1
GEOSChem14.6.3,2068,PRPE,1
GEOSChem14.6.3,2069,XYLE,1
GEOSChem14.6.3,2070,XYLE,1
GEOSChem14.6.3,2071,ALK6,1
GEOSChem14.6.3,2072,UNK,1
GEOSChem14.6.3,2073,ALK6,1
GEOSChem14.6.3,2074,ROH,1
GEOSChem14.6.3,2075,ALK6,1
GEOSChem14.6.3,2076,ALK6,1
GEOSChem14.6.3,2077,ROH,1
GEOSChem14.6.3,2078,PRPE,1
GEOSChem14.6.3,2079,IVOC,1
GEOSChem14.6.3,2080,ROH,1
GEOSChem14.6.3,2081,XYLE,1
GEOSChem14.6.3,2082,IVOC,1
GEOSChem14.6.3,2083,UNK,1
GEOSChem14.6.3,2084,XYLE,1
GEOSChem14.6.3,2085,UNK,1
GEOSChem14.6.3,2086,ALK6,1
GEOSChem14.6.3,2087,PRPE,1
GEOSChem14.6.3,2088,XYLE,1
GEOSChem14.6.3,2089,ALK6,1
GEOSChem14.6.3,2090,ALK6,1
GEOSChem14.6.3,2091,UNK,1
GEOSChem14.6.3,2092,UNR,1
GEOSChem14.6.3,2093,ALK6,1
GEOSChem14.6.3,2094,PRPE,1
GEOSChem14.6.3,2095,UNK,1
GEOSChem14.6.3,2096,IVOC,1
GEOSChem14.6.3,2097,UNK,1
GEOSChem14.6.3,2098,ALK6,1
GEOSChem14.6.3,2099,UNK,1
GEOSChem14.6.3,2100,PRPE,1
GEOSChem14.6.3,2101,PRPE,1
GEOSChem14.6.3,2102,NAP,1
GEOSChem14.6.3,2103,UNK,1
GEOSChem14.6.3,2104,UNR,1
GEOSChem14.6.3,2105,FURA,1
GEOSChem14.6.3,2106,MTPO,1
GEOSChem14.6.3,2107,FURA,1
GEOSChem14.6.3,2108,PRPE,1
GEOSChem14.6.3,2109,UNR,1
GEOSChem14.6.3,2110,FURA,1
GEOSChem14.6.3,2111,UNR,1
GEOSChem14.6.3,2112,IVOC,1
GEOSChem14.6.3,2113,ALK6,1
GEOSChem14.6.3,2114,UNR,1
GEOSChem14.6.3,2115,PRPE,1
GEOSChem14.6.3,2116,ALK6,1
GEOSChem14.6.3,2117,ROH,1
GEOSChem14.6.3,2118,PRPE,1
GEOSChem14.6.3,2119,RCHO,1
GEOSChem14.6.3,2120,PRPE,1
GEOSChem14.6.3,2121,ALK6,1
GEOSChem14.6.3,2122,UNK,1
GEOSChem14.6.3,2123,ALK6,1
GEOSChem14.6.3,2124,TMB,1
GEOSChem14.6.3,2125,IVOC,1
GEOSChem14.6.3,2126,ALK6,1
GEOSChem14.6.3,2127,ALK6,1
GEOSChem14.6.3,2128,ALK6,1
GEOSChem14.6.3,2129,IVOC,1
GEOSChem14.6.3,2130,ALK6,1
GEOSChem14.6.3,2131,IVOC,1
GEOSChem14.6.3,2132,ALK4,1
GEOSChem14.6.3,2133,PRPE,1
GEOSChem14.6.3,2134,TMB,1
GEOSChem14.6.3,2135,IVOC,1
GEOSChem14.6.3,2136,IVOC,1
GEOSChem14.6.3,2137,RCHO,1
GEOSChem14.6.3,2138,ALK6,1
GEOSChem14.6.3,2139,UNR,1
GEOSChem14.6.3,2140,PRPE,1
GEOSChem14.6.3,2141,ALK6,1
GEOSChem14.6.3,2142,PRPE,1
GEOSChem14.6.3,2143,ROH,1
GEOSChem14.6.3,2144,PRPE,1
GEOSChem14.6.3,2145,NAP,1
GEOSChem14.6.3,2146,IVOC,1
GEOSChem14.6.3,2147,IVOC,1
GEOSChem14.6.3,2148,IVOC,1
GEOSChem14.6.3,2149,IVOC,1
GEOSChem14.6.3,2150,IVOC,1
GEOSChem14.6.3,2151,UNR,1
GEOSChem14.6.3,2152,UNR,1
GEOSChem14.6.3,2153,IVOC,1
GEOSChem14.6.3,2154,UNR,1
GEOSChem14.6.3,2155,RCHO,1
GEOSChem14.6.3,2156,IVOC,1
GEOSChem14.6.3,2157,NAP,1
GEOSChem14.6.3,2158,IVOC,1
GEOSChem14.6.3,2159,UNR,1
GEOSChem14.6.3,2160,UNR,1
GEOSChem14.6.3,2161,FURA,1
GEOSChem14.6.3,2162,UNK,1
GEOSChem14.6.3,2163,UNR,1
GEOSChem14.6.3,2164,BALD,1
GEOSChem14.6.3,2165,UNR,1
GEOSChem14.6.3,2166,ISOP,1
GEOSChem14.6.3,2167,PRPE,1
GEOSChem14.6.3,2168,FURA,1
GEOSChem14.6.3,2169,PRPE,1
GEOSChem14.6.3,2170,ALK6,1
GEOSChem14.6.3,2171,FURA,1
GEOSChem14.6.3,2172,UNK,1
GEOSChem14.6.3,2173,IVOC,1
GEOSChem14.6.3,2174,IVOC,1
GEOSChem14.6.3,2175,CH2Br2,1
GEOSChem14.6.3,2176,UNK,1
GEOSChem14.6.3,2177,UNR,1
GEOSChem14.6.3,2178,ALK6,1
GEOSChem14.6.3,2179,ROH,1
GEOSChem14.6.3,2180,PRPE,1
GEOSChem14.6.3,2181,ALK6,1
GEOSChem14.6.3,2182,FURA,1
GEOSChem14.6.3,2183,RCHO,1
GEOSChem14.6.3,2184,ALK6,1
GEOSChem14.6.3,2185,PRPE,1
GEOSChem14.6.3,2186,XYLE,1
GEOSChem14.6.3,2187,XYLE,1
GEOSChem14.6.3,2188,ALK6,1
GEOSChem14.6.3,2189,PRPE,1
GEOSChem14.6.3,2190,NAP,1
GEOSChem14.6.3,2191,ALK6,1
GEOSChem14.6.3,2192,PRPE,1
GEOSChem14.6.3,2193,ALK6,1
GEOSChem14.6.3,2194,ALK6,1
GEOSChem14.6.3,2195,PRPE,1
GEOSChem14.6.3,2196,PRPE,1
GEOSChem14.6.3,2197,ALK6,1
GEOSChem14.6.3,2198,UNK,1
GEOSChem14.6.3,2199,UNK,1
GEOSChem14.6.3,2201,MTPO,1
GEOSChem14.6.3,2202,IVOC,1
GEOSChem14.6.3,2203,ALK6,1
GEOSChem14.6.3,2204,RCOOH,1
GEOSChem14.6.3,2205,NAP,1
GEOSChem14.6.3,2206,UNR,1
GEOSChem14.6.3,2207,PRPE,1
GEOSChem14.6.3,2208,PRPE,1
GEOSChem14.6.3,2209,IVOC,1
GEOSChem14.6.3,2210,NAP,1
GEOSChem14.6.3,2211,IVOC,1
GEOSChem14.6.3,2212,ALK6,1
GEOSChem14.6.3,2213,ALK6,1
GEOSChem14.6.3,2214,IVOC,1
GEOSChem14.6.3,2215,ROH,1
GEOSChem14.6.3,2216,UNR,1
GEOSChem14.6.3,2217,IVOC,1
GEOSChem14.6.3,2218,ROH,1
GEOSChem14.6.3,2219,UNR,1
GEOSChem14.6.3,2220,FURA,1
GEOSChem14.6.3,2221,ROH,1
GEOSChem14.6.3,2222,PRPE,1
GEOSChem14.6.3,2223,ROH,1
GEOSChem14.6.3,2224,PRPE,1
GEOSChem14.6.3,2225,ALK4,1
GEOSChem14.6.3,2226,ALK6,1
GEOSChem14.6.3,2227,XYLE,1
GEOSChem14.6.3,2228,XYLE,1
GEOSChem14.6.3,2229,UNR,1
GEOSChem14.6.3,2230,FURA,1
GEOSChem14.6.3,2231,UNR,1
GEOSChem14.6.3,2232,UNR,1
GEOSChem14.6.3,2233,RCOOH,1
GEOSChem14.6.3,2234,UNK,1
GEOSChem14.6.3,2235,CSL,1
GEOSChem14.6.3,2236,PRPE,1
GEOSChem14.6.3,2237,IVOC,1
GEOSChem14.6.3,2238,FURA,1
GEOSChem14.6.3,2239,IVOC,1
GEOSChem14.6.3,2240,IVOC,1
GEOSChem14.6.3,2241,ALK6,1
GEOSChem14.6.3,2242,IVOC,1
GEOSChem14.6.3,2243,XYLE,1
GEOSChem14.6.3,2244,PRPE,1
GEOSChem14.6.3,2245,FURA,1
GEOSChem14.6.3,2246,UNR,1
GEOSChem14.6.3,2247,MTPO,1
GEOSChem14.6.3,2248,MTPA,1
GEOSChem14.6.3,2249,UNK,1
GEOSChem14.6.3,2250,UNR,1
GEOSChem14.6.3,2251,ROH,1
GEOSChem14.6.3,2252,UNR,1
GEOSChem14.6.3,2253,XYLE,1
GEOSChem14.6.3,2254,PRPE,1
GEOSChem14.6.3,2255,ALK6,1
GEOSChem14.6.3,2256,XYLE,1
GEOSChem14.6.3,2257,RCHO,1
GEOSChem14.6.3,2258,PRPE,1
GEOSChem14.6.3,2259,XYLE,1
GEOSChem14.6.3,2260,IVOC,1
GEOSChem14.6.3,2261,ROH,1
GEOSChem14.6.3,2262,ROH,1
GEOSChem14.6.3,2263,UNR,1
GEOSChem14.6.3,2264,UNK,1
GEOSChem14.6.3,2265,UNK,1
GEOSChem14.6.3,2266,PRPE,1
GEOSChem14.6.3,2267,IVOC,1
GEOSChem14.6.3,2268,ALK6,1
GEOSChem14.6.3,2269,ALK6,1
GEOSChem14.6.3,2270,IVOC,1
GEOSChem14.6.3,2271,FURA,1
GEOSChem14.6.3,2272,ALK6,1
GEOSChem14.6.3,2273,RCHO,1
GEOSChem14.6.3,2274,C2H6,1
GEOSChem14.6.3,2275,PRPE,1
GEOSChem14.6.3,2276,ALK6,1
GEOSChem14.6.3,2277,ALK6,1
GEOSChem14.6.3,2278,XYLE,1
GEOSChem14.6.3,2279,TMB,1
GEOSChem14.6.3,2280,ALK6,1
GEOSChem14.6.3,2281,ALK6,1
GEOSChem14.6.3,2282,ALK6,1
GEOSChem14.6.3,2283,ALK6,1
GEOSChem14.6.3,2284,ALK6,1
GEOSChem14.6.3,2285,ALK6,1
GEOSChem14.6.3,2286,ALK6,1
GEOSChem14.6.3,2287,ALK6,1
GEOSChem14.6.3,2288,ALK6,1
GEOSChem14.6.3,2289,ALK6,1
GEOSChem14.6.3,2290,ALK6,1
GEOSChem14.6.3,2291,ALK6,1
GEOSChem14.6.3,2292,ALK6,1
GEOSChem14.6.3,2293,ALK6,1
GEOSChem14.6.3,2294,UNR,1
GEOSChem14.6.3,2295,XYLE,1
GEOSChem14.6.3,2296,UNR,1
GEOSChem14.6.3,2297,ALK6,1
GEOSChem14.6.3,2298,UNK,1
GEOSChem14.6.3,2299,ROH,1
GEOSChem14.6.3,2300,ALK6,1
GEOSChem14.6.3,2301,ALK6,1
GEOSChem14.6.3,2302,UNK,1
GEOSChem14.6.3,2303,UNK,1
GEOSChem14.6.3,2304,PRPE,1
GEOSChem14.6.3,2305,PRPE,1
GEOSChem14.6.3,2306,XYLE,1
GEOSChem14.6.3,2307,UNK,1
GEOSChem14.6.3,2308,XYLE,1
GEOSChem14.6.3,2309,TMB,1
GEOSChem14.6.3,2310,TMB,1
GEOSChem14.6.3,2311,PRPE,1
GEOSChem14.6.3,2312,XYLE,1
GEOSChem14.6.3,2313,ALK6,1
GEOSChem14.6.3,2314,XYLE,1
GEOSChem14.6.3,2315,ALK6,1
GEOSChem14.6.3,2316,ALK6,1
GEOSChem14.6.3,2317,ALK6,1
GEOSChem14.6.3,2318,ALK6,1
GEOSChem14.6.3,2319,ALK6,1
GEOSChem14.6.3,2320,ALK6,1
GEOSChem14.6.3,2321,ALK6,1
GEOSChem14.6.3,2322,ALK6,1
GEOSChem14.6.3,2323,ALK6,1
GEOSChem14.6.3,2324,ALK6,1
GEOSChem14.6.3,2325,TOLU,1
GEOSChem14.6.3,2326,ALK6,1
GEOSChem14.6.3,2327,ALK6,1
GEOSChem14.6.3,2329,XYLE,1
GEOSChem14.6.3,2330,ALK6,1
GEOSChem14.6.3,2331,FURA,1
GEOSChem14.6.3,2332,NAP,1
GEOSChem14.6.3,2333,ALK6,1
GEOSChem14.6.3,2334,ALK6,1
GEOSChem14.6.3,2335,TMB,1
GEOSChem14.6.3,2336,UNR,1
GEOSChem14.6.3,2337,UNR,1
GEOSChem14.6.3,2338,CSL,1
GEOSChem14.6.3,2339,CSL,1
GEOSChem14.6.3,2340,UNR,1
GEOSChem14.6.3,2341,CSL,1
GEOSChem14.6.3,2342,UNR,1
GEOSChem14.6.3,2343,CSL,1
GEOSChem14.6.3,2344,ALK6,1
GEOSChem14.6.3,2345,NAP,1
GEOSChem14.6.3,2346,NAP,1
GEOSChem14.6.3,2347,UNR,1
GEOSChem14.6.3,2348,UNR,1
GEOSChem14.6.3,2349,UNR,1
GEOSChem14.6.3,2350,UNR,1
GEOSChem14.6.3,2351,UNR,1
GEOSChem14.6.3,2352,UNR,1
GEOSChem14.6.3,2353,UNR,1
GEOSChem14.6.3,2354,UNR,1
GEOSChem14.6.3,2355,IVOC,1
GEOSChem14.6.3,2356,UNR,1
GEOSChem14.6.3,2357,UNR,1
GEOSChem14.6.3,2358,UNR,1
GEOSChem14.6.3,2359,UNR,1
GEOSChem14.6.3,2360,UNR,1
GEOSChem14.6.3,2361,UNR,1
GEOSChem14.6.3,2362,UNR,1
GEOSChem14.6.3,2363,UNK,1
GEOSChem14.6.3,2364,UNR,1
GEOSChem14.6.3,2365,MTPO,1
GEOSChem14.6.3,2366,UNR,1
GEOSChem14.6.3,2367,CSL,1
GEOSChem14.6.3,2368,FURA,1
GEOSChem14.6.3,2369,PRPE,1
GEOSChem14.6.3,2370,UNR,1
GEOSChem14.6.3,2371,UNR,1
GEOSChem14.6.3,2372,XYLE,1
GEOSChem14.6.3,2374,IVOC,1
GEOSChem14.6.3,2375,UNR,1
GEOSChem14.6.3,2376,UNR,1
GEOSChem14.6.3,2377,UNR,1
GEOSChem14.6.3,2378,UNR,1
GEOSChem14.6.3,2379,UNR,1
GEOSChem14.6.3,2380,UNR,1
GEOSChem14.6.3,2381,UNR,1
GEOSChem14.6.3,2382,UNR,1
GEOSChem14.6.3,2383,UNR,1
GEOSChem14.6.3,2384,UNR,1
GEOSChem14.6.3,2385,UNR,1
GEOSChem14.6.3,2386,UNR,1
GEOSChem14.6.3,2387,UNR,1
GEOSChem14.6.3,2388,UNR,1
GEOSChem14.6.3,2389,UNR,1
GEOSChem14.6.3,2390,UNR,1
GEOSChem14.6.3,2391,IVOC,1
GEOSChem14.6.3,2392,UNR,1
GEOSChem14.6.3,2393,UNR,1
GEOSChem14.6.3,2394,UNR,1
GEOSChem14.6.3,2395,UNR,1
GEOSChem14.6.3,2396,UNR,1
GEOSChem14.6.3,2397,UNR,1
GEOSChem14.6.3,2398,UNR,1
GEOSChem14.6.3,2399,UNR,1
GEOSChem14.6.3,2400,UNR,1
GEOSChem14.6.3,2401,UNR,1
GEOSChem14.6.3,2402,UNR,1
GEOSChem14.6.3,2403,UNR,1
GEOSChem14.6.3,2404,UNR,1
GEOSChem14.6.3,2405,UNR,1
GEOSChem14.6.3,2406,UNR,1
GEOSChem14.6.3,2407,IVOC,1
GEOSChem14.6.3,2408,UNR,1
GEOSChem14.6.3,2409,UNR,1
GEOSChem14.6.3,2410,UNR,1
GEOSChem14.6.3,2411,UNR,1
GEOSChem14.6.3,2412,UNR,1
GEOSChem14.6.3,2413,UNR,1
GEOSChem14.6.3,2414,UNR,1
GEOSChem14.6.3,2415,UNR,1
GEOSChem14.6.3,2416,UNR,1
GEOSChem14.6.3,2417,UNR,1
GEOSChem14.6.3,2418,UNR,1
GEOSChem14.6.3,2419,UNR,1
GEOSChem14.6.3,2420,UNR,1
GEOSChem14.6.3,2421,UNR,1
GEOSChem14.6.3,2422,UNR,1
GEOSChem14.6.3,2423,UNR,1
GEOSChem14.6.3,2424,UNR,1
GEOSChem14.6.3,2425,UNR,1
GEOSChem14.6.3,2426,CSL,1
GEOSChem14.6.3,2427,UNR,1
GEOSChem14.6.3,2428,UNR,1
GEOSChem14.6.3,2429,UNR,1
GEOSChem14.6.3,2430,CSL,1
GEOSChem14.6.3,2431,UNR,1
GEOSChem14.6.3,2432,CSL,1
GEOSChem14.6.3,2433,UNR,1
GEOSChem14.6.3,2434,TMB,1
GEOSChem14.6.3,2435,CSL,1
GEOSChem14.6.3,2436,CSL,1
GEOSChem14.6.3,2437,UNR,1
GEOSChem14.6.3,2438,UNR,1
GEOSChem14.6.3,2439,UNR,1
GEOSChem14.6.3,2440,UNR,1
GEOSChem14.6.3,2441,NAP,1
GEOSChem14.6.3,2442,NAP,1
GEOSChem14.6.3,2443,NAP,1
GEOSChem14.6.3,2444,ROH,1
GEOSChem14.6.3,2445,UNR,1
GEOSChem14.6.3,2446,UNR,1
GEOSChem14.6.3,2447,UNR,1
GEOSChem14.6.3,2448,UNR,1
GEOSChem14.6.3,2449,UNR,1
GEOSChem14.6.3,2450,UNR,1
GEOSChem14.6.3,2451,UNR,1
GEOSChem14.6.3,2452,UNR,1
GEOSChem14.6.3,2453,UNR,1
GEOSChem14.6.3,2454,UNR,1
GEOSChem14.6.3,2455,IVOC,1
GEOSChem14.6.3,2456,UNR,1
GEOSChem14.6.3,2457,UNR,1
GEOSChem14.6.3,2458,UNR,1
GEOSChem14.6.3,2459,UNR,1
GEOSChem14.6.3,2460,UNR,1
GEOSChem14.6.3,2461,UNR,1
GEOSChem14.6.3,2462,UNR,1
GEOSChem14.6.3,2463,UNR,1
GEOSChem14.6.3,2464,UNR,1
GEOSChem14.6.3,2465,UNR,1
GEOSChem14.6.3,2466,UNR,1
GEOSChem14.6.3,2467,XYLE,1
GEOSChem14.6.3,2468,UNR,1
GEOSChem14.6.3,2469,UNR,1
GEOSChem14.6.3,2470,UNR,1
GEOSChem14.6.3,2472,UNR,1
GEOSChem14.6.3,2473,UNR,1
GEOSChem14.6.3,2474,UNR,1
GEOSChem14.6.3,2475,IVOC,1
GEOSChem14.6.3,2476,UNR,1
GEOSChem14.6.3,2477,TMB,1
GEOSChem14.6.3,2478,UNR,1
GEOSChem14.6.3,2479,UNR,1
GEOSChem14.6.3,2480,UNR,1
GEOSChem14.6.3,2481,UNR,1
GEOSChem14.6.3,2482,UNR,1
GEOSChem14.6.3,2483,UNR,1
GEOSChem14.6.3,2484,UNR,1
GEOSChem14.6.3,2485,NAP,1
GEOSChem14.6.3,2486,UNR,1
GEOSChem14.6.3,2487,UNR,1
GEOSChem14.6.3,2488,UNR,1
GEOSChem14.6.3,2489,UNR,1
GEOSChem14.6.3,2490,UNR,1
GEOSChem14.6.3,2491,UNR,1
GEOSChem14.6.3,2492,TMB,1
GEOSChem14.6.3,2493,UNR,1
GEOSChem14.6.3,2494,TMB,1
GEOSChem14.6.3,2495,TMB,1
GEOSChem14.6.3,2496,TMB,1
GEOSChem14.6.3,2497,UNR,1
GEOSChem14.6.3,2498,PRPE,1
GEOSChem14.6.3,2499,XYLE,1
GEOSChem14.6.3,2500,PRPE,1
GEOSChem14.6.3,2501,XYLE,1
GEOSChem14.6.3,2502,XYLE,1
GEOSChem14.6.3,2503,CSL,1
GEOSChem14.6.3,2504,UNR,1
GEOSChem14.6.3,2505,UNR,1
GEOSChem14.6.3,2506,UNR,1
GEOSChem14.6.3,2507,UNR,1
GEOSChem14.6.3,2508,UNR,1
GEOSChem14.6.3,2509,UNR,1
GEOSChem14.6.3,2510,UNR,1
GEOSChem14.6.3,2511,UNR,1
GEOSChem14.6.3,2512,UNR,1
GEOSChem14.6.3,2513,UNR,1
GEOSChem14.6.3,2514,UNR,1
GEOSChem14.6.3,2515,UNR,1
GEOSChem14.6.3,2516,UNR,1
GEOSChem14.6.3,2517,UNR,1
GEOSChem14.6.3,2518,UNR,1
GEOSChem14.6.3,2519,UNR,1
GEOSChem14.6.3,2520,UNR,1
GEOSChem14.6.3,2521,UNR,1
GEOSChem14.6.3,2522,UNR,1
GEOSChem14.6.3,2523,UNR,1
GEOSChem14.6.3,2524,UNR,1
GEOSChem14.6.3,2525,UNR,1
GEOSChem14.6.3,2526,UNR,1
GEOSChem14.6.3,2527,UNR,1
GEOSChem14.6.3,2528,UNR,1
GEOSChem14.6.3,2529,UNR,1
GEOSChem14.6.3,2530,UNR,1
GEOSChem14.6.3,2531,UNR,1
GEOSChem14.6.3,2532,UNR,1
GEOSChem14.6.3,2533,UNR,1
GEOSChem14.6.3,2534,UNR,1
GEOSChem14.6.3,2535,UNR,1
GEOSChem14.6.3,2536,UNR,1
GEOSChem14.6.3,2537,UNR,1
GEOSChem14.6.3,2538,UNR,1
GEOSChem14.6.3,2539,UNR,1
GEOSChem14.6.3,2540,UNR,1
GEOSChem14.6.3,2541,UNR,1
GEOSChem14.6.3,2542,UNR,1
GEOSChem14.6.3,2543,UNR,1
GEOSChem14.6.3,2544,UNR,1
GEOSChem14.6.3,2545,UNR,1
GEOSChem14.6.3,2546,UNR,1
GEOSChem14.6.3,2547,UNR,1
GEOSChem14.6.3,2548,UNR,1
GEOSChem14.6.3,2549,UNR,1
GEOSChem14.6.3,2550,UNR,1
GEOSChem14.6.3,2551,UNR,1
GEOSChem14.6.3,2552,UNR,1
GEOSChem14.6.3,2553,UNR,1
GEOSChem14.6.3,2554,UNR,1
GEOSChem14.6.3,2555,UNR,1
GEOSChem14.6.3,2556,UNR,1
GEOSChem14.6.3,2557,UNR,1
GEOSChem14.6.3,2558,UNR,1
GEOSChem14.6.3,2559,UNR,1
GEOSChem14.6.3,2560,ALK6,1
GEOSChem14.6.3,2561,RCHO,1
GEOSChem14.6.3,2562,MVK,1
GEOSChem14.6.3,2563,RCHO,1
GEOSChem14.6.3,2564,RCHO,1
GEOSChem14.6.3,2565,RCHO,1
GEOSChem14.6.3,2566,RCHO,1
GEOSChem14.6.3,2567,ALK6,1
GEOSChem14.6.3,2568,XYLE,1
GEOSChem14.6.3,2569,NAP,1
GEOSChem14.6.3,2570,PRPE,1
GEOSChem14.6.3,2571,ALK6,1
GEOSChem14.6.3,2572,ALK6,1
GEOSChem14.6.3,2573,ALK6,1
GEOSChem14.6.3,2574,ALK6,1
GEOSChem14.6.3,2575,ALK6,1
GEOSChem14.6.3,2576,ALK6,1
GEOSChem14.6.3,2577,ALK6,1
GEOSChem14.6.3,2578,ALK6,1
GEOSChem14.6.3,2579,ALK6,1
GEOSChem14.6.3,2580,ALK6,1
GEOSChem14.6.3,2581,XYLE,1
GEOSChem14.6.3,2582,ALK6,1
GEOSChem14.6.3,2583,ALK6,1
GEOSChem14.6.3,2584,XYLE,1
GEOSChem14.6.3,2585,RCHO,1
GEOSChem14.6.3,2586,UNK,1
GEOSChem14.6.3,2587,UNK,1
GEOSChem14.6.3,2588,UNK,1
GEOSChem14.6.3,2589,PRPE,1
GEOSChem14.6.3,2590,ALK6,1
GEOSChem14.6.3,2591,ALK6,1
GEOSChem14.6.3,2592,ALK6,1
GEOSChem14.6.3,2593,ALK6,1
GEOSChem14.6.3,2594,ALK6,1
GEOSChem14.6.3,2595,ALK6,1
GEOSChem14.6.3,2596,STYR,1
GEOSChem14.6.3,2597,PRPE,1
GEOSChem14.6.3,2598,XYLE,1
GEOSChem14.6.3,2599,UNK,1
GEOSChem14.6.3,2600,ALK6,1
GEOSChem14.6.3,2601,XYLE,1
GEOSChem14.6.3,2602,IVOC,1
GEOSChem14.6.3,2603,UNR,1
GEOSChem14.6.3,2604,UNK,1
GEOSChem14.6.3,2605,UNK,1
GEOSChem14.6.3,2606,UNK,1
GEOSChem14.6.3,2607,UNK,1
GEOSChem14.6.3,2608,PRPE,1
GEOSChem14.6.3,2609,PRPE,1
GEOSChem14.6.3,2610,ALK6,1
GEOSChem14.6.3,2611,ALK6,1
GEOSChem14.6.3,2612,ALK6,1
GEOSChem14.6.3,2613,ALK6,1
GEOSChem14.6.3,2614,ALK6,1
GEOSChem14.6.3,2615,ALK6,1
GEOSChem14.6.3,2616,PRPE,1
GEOSChem14.6.3,2617,ALK6,1
GEOSChem14.6.3,2618,ALK6,1
GEOSChem14.6.3,2619,ALK6,1
GEOSChem14.6.3,2620,ALK6,1
GEOSChem14.6.3,2621,ALK6,1
GEOSChem14.6.3,2622,ALK6,1
GEOSChem14.6.3,2623,ALK6,1
GEOSChem14.6.3,2624,ALK6,1
GEOSChem14.6.3,2625,ALK6,1
GEOSChem14.6.3,2626,ALK6,1
GEOSChem14.6.3,2627,NAP,1
GEOSChem14.6.3,2628,IVOC,1
GEOSChem14.6.3,2629,ALK6,1
GEOSChem14.6.3,2630,ALK6,1
GEOSChem14.6.3,2631,UNK,1
GEOSChem14.6.3,2632,ALK6,1
GEOSChem14.6.3,2633,ALK6,1
GEOSChem14.6.3,2634,ALK6,1
GEOSChem14.6.3,2635,UNR,1
GEOSChem14.6.3,2636,PRPE,1
GEOSChem14.6.3,2637,ROH,1
GEOSChem14.6.3,2638,RCHO,1
GEOSChem14.6.3,2639,RCHO,1
GEOSChem14.6.3,2640,FURA,1
GEOSChem14.6.3,2641,FURA,1
GEOSChem14.6.3,2642,FURA,1
GEOSChem14.6.3,2643,FURA,1
GEOSChem14.6.3,2644,FURA,1
GEOSChem14.6.3,2645,FURA,1
GEOSChem14.6.3,2646,PRPE,1
GEOSChem14.6.3,2647,CH3I,1
GEOSChem14.6.3,2648,UNR,1
GEOSChem14.6.3,2649,UNR,1
GEOSChem14.6.3,2650,UNR,1
GEOSChem14.6.3,2651,UNR,1
GEOSChem14.6.3,2652,UNR,1
GEOSChem14.6.3,2653,UNR,1
GEOSChem14.6.3,2654,UNR,1
GEOSChem14.6.3,2655,UNR,1
GEOSChem14.6.3,2656,UNR,1
GEOSChem14.6.3,2657,TMB,1
GEOSChem14.6.3,2658,UNR,1
GEOSChem14.6.3,2659,UNR,1
GEOSChem14.6.3,2660,UNR,1
GEOSChem14.6.3,2661,RCOOH,1
GEOSChem14.6.3,2662,UNR,1
GEOSChem14.6.3,2663,UNK,1
GEOSChem14.6.3,2664,UNK,1
GEOSChem14.6.3,2665,UNK,1
GEOSChem14.6.3,2666,UNR,1
GEOSChem14.6.3,2667,UNR,1
GEOSChem14.6.3,2668,UNK,1
GEOSChem14.6.3,2669,UNR,1
GEOSChem14.6.3,2670,UNK,1
GEOSChem14.6.3,2671,UNK,1
GEOSChem14.6.3,2672,UNK,1
GEOSChem14.6.3,2673,ALK6,1
GEOSChem14.6.3,2674,PRPE,1
GEOSChem14.6.3,2675,PRPE,1
GEOSChem14.6.3,2676,PRPE,1
GEOSChem14.6.3,2677,PRPE,1
GEOSChem14.6.3,2678,PRPE,1
GEOSChem14.6.3,2679,PRPE,1
GEOSChem14.6.3,2680,PRPE,1
GEOSChem14.6.3,2681,PRPE,1
GEOSChem14.6.3,2682,ALK6,1
GEOSChem14.6.3,2683,ALK6,1
GEOSChem14.6.3,2684,TMB,1
GEOSChem14.6.3,2685,PRPE,1
GEOSChem14.6.3,2686,UNK,1
GEOSChem14.6.3,2687,UNK,1
GEOSChem14.6.3,2688,RCHO,1
GEOSChem14.6.3,2689,ROH,1
GEOSChem14.6.3,2690,FURA,1
GEOSChem14.6.3,2691,ROH,1
GEOSChem14.6.3,2692,UNK,1
GEOSChem14.6.3,2693,UNK,1
GEOSChem14.6.3,2694,XYLE,1
GEOSChem14.6.3,2695,XYLE,1
GEOSChem14.6.3,2696,XYLE,1
GEOSChem14.6.3,2697,XYLE,1
GEOSChem14.6.3,2698,MTPA,1
GEOSChem14.6.3,2699,CSL,1
GEOSChem14.6.3,2700,XYLE,1
GEOSChem14.6.3,2701,UNK,1
GEOSChem14.6.3,2702,XYLE,1
GEOSChem14.6.3,2703,UNR,1
GEOSChem14.6.3,2704,NAP,1
GEOSChem14.6.3,2705,UNR,1
GEOSChem14.6.3,2706,UNR,1
GEOSChem14.6.3,2707,FURA,1
GEOSChem14.6.3,2708,UNR,1
GEOSChem14.6.3,2709,UNR,1
GEOSChem14.6.3,2710,NAP,1
GEOSChem14.6.3,2711,NAP,1
GEOSChem14.6.3,2712,MTPO,1
GEOSChem14.6.3,2713,UNK,1
GEOSChem14.6.3,2714,PRPE,1
GEOSChem14.6.3,2715,UNR,1
GEOSChem14.6.3,2716,XYLE,1
GEOSChem14.6.3,2717,UNR,1
GEOSChem14.6.3,2718,FURA,1
GEOSChem14.6.3,2719,ALK6,1
GEOSChem14.6.3,2720,ROH,1
GEOSChem14.6.3,2721,MTPO,1
GEOSChem14.6.3,2722,PRPE,1
GEOSChem14.6.3,2723,ROH,1
GEOSChem14.6.3,2724,RCHO,1
GEOSChem14.6.3,2725,PRPE,1
GEOSChem14.6.3,2726,UNK,1
GEOSChem14.6.3,2727,UNK,1
GEOSChem14.6.3,2728,UNK,1
GEOSChem14.6.3,2729,UNK,1
GEOSChem14.6.3,2730,UNK,1
GEOSChem14.6.3,2731,UNK,1
GEOSChem14.6.3,2732,UNK,1
GEOSChem14.6.3,2733,XYLE,1
GEOSChem14.6.3,2734,TMB,1
GEOSChem14.6.3,2735,UNK,1
GEOSChem14.6.3,2736,UNK,1
GEOSChem14.6.3,2737,FURA,1
GEOSChem14.6.3,2738,UNR,1
GEOSChem14.6.3,2739,UNR,1
GEOSChem14.6.3,2740,UNR,1
GEOSChem14.6.3,2741,FURA,1
GEOSChem14.6.3,2742,UNR,1
GEOSChem14.6.3,2743,UNR,1
GEOSChem14.6.3,2744,UNR,1
GEOSChem14.6.3,2745,UNR,1
GEOSChem14.6.3,2746,UNR,1
GEOSChem14.6.3,2747,UNR,1
GEOSChem14.6.3,2748,UNR,1
GEOSChem14.6.3,2749,UNR,1
GEOSChem14.6.3,2750,UNR,1
GEOSChem14.6.3,2751,UNR,1
GEOSChem14.6.3,2752,UNR,1
GEOSChem14.6.3,2753,UNR,1
GEOSChem14.6.3,2754,RCOOH,1
GEOSChem14.6.3,2755,IVOC,1
GEOSChem14.6.3,2756,IVOC,1
GEOSChem14.6.3,2757,MTPA,1
GEOSChem14.6.3,2758,MTPO,1
GEOSChem14.6.3,2759,IVOC,1
GEOSChem14.6.3,2760,RCOOH,1
GEOSChem14.6.3,2761,RCOOH,1
GEOSChem14.6.3,2762,PRPE,1
GEOSChem14.6.3,2763,RCOOH,1
GEOSChem14.6.3,2764,PRPE,1
GEOSChem14.6.3,2765,UNR,1
GEOSChem14.6.3,2766,UNR,1
GEOSChem14.6.3,2767,UNR,1
GEOSChem14.6.3,2768,UNR,1
GEOSChem14.6.3,2769,UNR,1
GEOSChem14.6.3,2770,UNR,1
GEOSChem14.6.3,2771,PRPE,1
GEOSChem14.6.3,2772,UNK,1
GEOSChem14.6.3,2773,FURA,1
GEOSChem14.6.3,2774,FURA,1
GEOSChem14.6.3,2775,PRPE,1
GEOSChem14.6.3,2776,UNR,1
GEOSChem14.6.3,2777,NAP,1
GEOSChem14.6.3,2778,NAP,1
GEOSChem14.6.3,2779,NAP,1
GEOSChem14.6.3,2780,NAP,1
GEOSChem14.6.3,2781,NAP,1
GEOSChem14.6.3,2782,UNR,1
GEOSChem14.6.3,2783,UNR,1
GEOSChem14.6.3,2784,UNR,1
GEOSChem14.6.3,2785,UNR,1
GEOSChem14.6.3,2786,UNR,1
GEOSChem14.6.3,2787,ALK6,1
GEOSChem14.6.3,2788,PRPE,1
GEOSChem14.6.3,2789,ALK6,1
GEOSChem14.6.3,2790,ALK6,1
GEOSChem14.6.3,2791,ALK6,1
GEOSChem14.6.3,2792,PRPE,1
GEOSChem14.6.3,2793,ALK6,1
GEOSChem14.6.3,2794,ALK6,1
GEOSChem14.6.3,2795,PRPE,1
GEOSChem14.6.3,2796,TMB,1
GEOSChem14.6.3,2797,PRPE,1
GEOSChem14.6.3,2798,ALK6,1
GEOSChem14.6.3,2799,XYLE,1
GEOSChem14.6.3,2800,ALK6,1
GEOSChem14.6.3,2801,ALK6,1
GEOSChem14.6.3,2802,IVOC,1
GEOSChem14.6.3,2803,NAP,1
GEOSChem14.6.3,2804,NAP,1
GEOSChem14.6.3,2805,NAP,1
GEOSChem14.6.3,2806,NAP,1
GEOSChem14.6.3,2807,NAP,1
GEOSChem14.6.3,2808,PRPE,1
GEOSChem14.6.3,2809,PRPE,1
GEOSChem14.6.3,2810,IVOC,1
GEOSChem14.6.3,2811,IVOC,1
GEOSChem14.6.3,2812,FURA,1
GEOSChem14.6.3,2813,FURA,1
GEOSChem14.6.3,2814,FURA,1
GEOSChem14.6.3,2815,FURA,1
GEOSChem14.6.3,2816,PRPE,1
GEOSChem14.6.3,2817,PRPE,1
GEOSChem14.6.3,2818,PRPE,1
GEOSChem14.6.3,2819,PRPE,1
GEOSChem14.6.3,2820,PRPE,1
GEOSChem14.6.3,2821,PRPE,1
GEOSChem14.6.3,2822,PRPE,1
GEOSChem14.6.3,2823,PRPE,1
GEOSChem14.6.3,2824,PRPE,1
GEOSChem14.6.3,2825,PRPE,1
GEOSChem14.6.3,2826,ALK6,1
GEOSChem14.6.3,2827,PRPE,1
GEOSChem14.6.3,2828,PRPE,1
GEOSChem14.6.3,2829,FURA,1
GEOSChem14.6.3,2830,XYLE,1
GEOSChem14.6.3,2831,NAP,1
GEOSChem14.6.3,2832,MTPO,1
GEOSChem14.6.3,2833,UNR,1
GEOSChem14.6.3,2834,UNR,1
GEOSChem14.6.3,2835,UNR,1
GEOSChem14.6.3,2836,UNR,1
GEOSChem14.6.3,2837,UNR,1
GEOSChem14.6.3,2838,UNR,1
GEOSChem14.6.3,2839,IVOC,1
GEOSChem14.6.3,2840,UNK,1
GEOSChem14.6.3,2841,HCOOH,1
GEOSChem14.6.3,2842,UNR,1
GEOSChem14.6.3,2843,UNR,1
GEOSChem14.6.3,2844,UNK,1
GEOSChem14.6.3,2845,UNK,1
GEOSChem14.6.3,2846,UNK,1
GEOSChem14.6.3,2847,UNK,1
GEOSChem14.6.3,2848,UNK,1
GEOSChem14.6.3,2849,UNK,1
GEOSChem14.6.3,2850,UNR,1
GEOSChem14.6.3,2851,UNR,1
GEOSChem14.6.3,2852,UNK,1
GEOSChem14.6.3,2853,UNK,1
GEOSChem14.6.3,2854,UNK,1
GEOSChem14.6.3,2855,UNK,1
GEOSChem14.6.3,2856,UNK,1
GEOSChem14.6.3,2857,UNR,1
GEOSChem14.6.3,2858,UNR,1
GEOSChem14.6.3,2859,UNR,1
GEOSChem14.6.3,2860,UNR,1
GEOSChem14.6.3,2861,UNR,1
GEOSChem14.6.3,2862,UNR,1
GEOSChem14.6.3,2863,UNR,1
GEOSChem14.6.3,2864,UNR,1
GEOSChem14.6.3,2865,UNR,1
GEOSChem14.6.3,2866,UNR,1
GEOSChem14.6.3,2867,UNR,1
GEOSChem14.6.3,2868,UNR,1
GEOSChem14.6.3,2869,UNR,1
GEOSChem14.6.3,2870,UNR,1
GEOSChem14.6.3,2871,UNR,1
GEOSChem14.6.3,2872,UNR,1
GEOSChem14.6.3,2873,UNR,1
GEOSChem14.6.3,2874,IVOC,1
GEOSChem14.6.3,2875,IVOC,1
GEOSChem14.6.3,2876,UNR,1
GEOSChem14.6.3,2877,UNR,1
GEOSChem14.6.3,2878,UNR,1
GEOSChem14.6.3,2879,UNR,1
GEOSChem14.6.3,2880,UNR,1
GEOSChem14.6.3,2881,UNR,1
GEOSChem14.6.3,2882,UNR,1
GEOSChem14.6.3,2883,UNR,1
GEOSChem14.6.3,2884,UNR,1
GEOSChem14.6.3,2885,CSL,1
GEOSChem14.6.3,2886,TMB,1
GEOSChem14.6.3,2887,UNR,1
GEOSChem14.6.3,2888,BALD,1
GEOSChem14.6.3,2889,XYLE,1
GEOSChem14.6.3,2890,XYLE,1
GEOSChem14.6.3,2891,XYLE,1
GEOSChem14.6.3,2892,XYLE,1
GEOSChem14.6.3,2893,NAP,1
GEOSChem14.6.3,2894,UNR,1
GEOSChem14.6.3,2895,TMB,1
GEOSChem14.6.3,2896,UNR,1
GEOSChem14.6.3,2897,FURA,1
GEOSChem14.6.3,2898,UNR,1
GEOSChem14.6.3,2899,UNR,1
GEOSChem14.6.3,2900,UNR,1
GEOSChem14.6.3,2901,UNR,1
GEOSChem14.6.3,2902,IVOC,1
GEOSChem14.6.3,2903,UNR,1
GEOSChem14.6.3,2904,UNR,1
GEOSChem14.6.3,2905,UNR,1
GEOSChem14.6.3,2906,IVOC,1
GEOSChem14.6.3,2907,IVOC,1
GEOSChem14.6.3,2908,UNR,1
GEOSChem14.6.3,2909,UNR,1
GEOSChem14.6.3,2910,CSL,1
GEOSChem14.6.3,2911,UNR,1
GEOSChem14.6.3,2912,IVOC,1
GEOSChem14.6.3,2913,UNR,1
GEOSChem14.6.3,2914,UNR,1
GEOSChem14.6.3,2915,UNR,1
GEOSChem14.6.3,2916,UNR,1
GEOSChem14.6.3,2917,UNR,1
GEOSChem14.6.3,2918,UNR,1
GEOSChem14.6.3,2919,UNR,1
GEOSChem14.6.3,2920,XYLE,1
GEOSChem14.6.3,2921,UNR,1
GEOSChem14.6.3,2922,UNR,1
GEOSChem14.6.3,2923,UNR,1
GEOSChem14.6.3,2924,UNR,1
GEOSChem14.6.3,2925,UNR,1
GEOSChem14.6.3,2926,UNR,1
GEOSChem14.6.3,2927,UNR,1
GEOSChem14.6.3,2928,UNR,1
GEOSChem14.6.3,2929,UNR,1
GEOSChem14.6.3,2930,UNR,1
GEOSChem14.6.3,2931,UNR,1
GEOSChem14.6.3,2932,FURA,1
GEOSChem14.6.3,2933,UNR,1
GEOSChem14.6.3,2934,UNR,1
GEOSChem14.6.3,2935,UNR,1
GEOSChem14.6.3,2936,PRPE,1
GEOSChem14.6.3,2937,PRPE,1
GEOSChem14.6.3,2938,IVOC,1
GEOSChem14.6.3,2939,CSL,1
GEOSChem14.6.3,2940,CSL,1
GEOSChem14.6.3,2941,IVOC,1
GEOSChem14.6.3,2942,TMB,1
GEOSChem14.6.3,2943,FURA,1
GEOSChem14.6.3,2944,PRPE,1
GEOSChem14.6.3,2945,FURA,1
GEOSChem14.6.3,2946,IVOC,1
GEOSChem14.6.3,2947,IVOC,1
GEOSChem14.6.3,2948,ALK6,1
GEOSChem14.6.3,2949,FURA,1
GEOSChem14.6.3,2950,FURA,1
GEOSChem14.6.3,2951,PRPE,1
GEOSChem14.6.3,2952,ROH,1
GEOSChem14.6.3,2953,CSL,1
GEOSChem14.6.3,2954,RCHO,1
GEOSChem14.6.3,2955,RCHO,1
GEOSChem14.6.3,2956,XYLE,1
GEOSChem14.6.3,2957,UNK,1
GEOSChem14.6.3,2958,UNR,1
GEOSChem14.6.3,2959,UNR,1
GEOSChem14.6.3,2960,UNR,1
GEOSChem14.6.3,2961,UNR,1
GEOSChem14.6.3,2962,UNR,1
GEOSChem14.6.3,2963,UNR,1
GEOSChem14.6.3,2964,UNR,1
GEOSChem14.6.3,2965,UNR,1
GEOSChem14.6.3,2966,UNR,1
GEOSChem14.6.3,2967,UNR,1
GEOSChem14.6.3,2968,UNR,1
GEOSChem14.6.3,2969,UNR,1
GEOSChem14.6.3,2970,UNR,1
GEOSChem14.6.3,2971,UNR,1
GEOSChem14.6.3,2972,UNR,1
GEOSChem14.6.3,2973,UNK,1
GEOSChem14.6.3,2974,UNK,1
GEOSChem14.6.3,2975,UNR,1
GEOSChem14.6.3,2976,UNR,1
GEOSChem14.6.3,2977,UNR,1
GEOSChem14.6.3,2978,UNR,1
GEOSChem14.6.3,2979,UNR,1
GEOSChem14.6.3,2980,UNR,1
GEOSChem14.6.3,2981,UNR,1
GEOSChem14.6.3,2982,UNR,1
GEOSChem14.6.3,2983,UNR,1
GEOSChem14.6.3,2984,UNR,1
GEOSChem14.6.3,2985,UNR,1
GEOSChem14.6.3,2986,UNR,1
GEOSChem14.6.3,2987,UNR,1
GEOSChem14.6.3,2988,UNR,1
GEOSChem14.6.3,2989,UNR,1
GEOSChem14.6.3,2990,UNR,1
GEOSChem14.6.3,2991,UNR,1
GEOSChem14.6.3,2992,UNR,1
GEOSChem14.6.3,2993,UNR,1
GEOSChem14.6.3,2994,UNR,1
GEOSChem14.6.3,2995,UNR,1
GEOSChem14.6.3,2996,UNR,1
GEOSChem14.6.3,2997,UNR,1
GEOSChem14.6.3,2998,BALD,1
GEOSChem14.6.3,2999,UNR,1
GEOSChem14.6.3,3000,UNK,1
GEOSChem14.6.3,3001,FURA,1
GEOSChem14.6.3,3002,FURA,1
GEOSChem14.6.3,3003,ALK6,1
GEOSChem14.6.3,3004,ALK6,1
GEOSChem14.6.3,3005,UNK,1
GEOSChem14.6.3,3006,UNK,1
GEOSChem14.6.3,3007,UNR,1
GEOSChem14.6.3,3008,FURA,1
GEOSChem14.6.3,3009,FURA,1
GEOSChem14.6.3,3010,FURA,1
GEOSChem14.6.3,3011,FURA,1
GEOSChem14.6.3,3012,FURA,1
GEOSChem14.6.3,3013,PRPE,1
GEOSChem14.6.3,3014,PRPE,1
GEOSChem14.6.3,3015,PRPE,1
GEOSChem14.6.3,3016,UNK,1
GEOSChem14.6.3,3017,PRPE,1
GEOSChem14.6.3,3018,FURA,1
GEOSChem14.6.3,3019,PRPE,1
GEOSChem14.6.3,3020,RCHO,1
GEOSChem14.6.3,3021,PRPE,1
GEOSChem14.6.3,3022,FURA,1
GEOSChem14.6.3,3023,FURA,1
GEOSChem14.6.3,3024,FURA,1
GEOSChem14.6.3,3025,PRPE,1
GEOSChem14.6.3,3026,UNK,1
GEOSChem14.6.3,3027,FURA,1
GEOSChem14.6.3,3028,PRPE,1
GEOSChem14.6.3,3029,PRPE,1
GEOSChem14.6.3,3030,XYLE,1
GEOSChem14.6.3,3031,TMB,1
GEOSChem14.6.3,3032,FURA,1
GEOSChem14.6.3,3033,FURA,1
GEOSChem14.6.3,3034,XYLE,1
GEOSChem14.6.3,3035,XYLE,1
GEOSChem14.6.3,3036,XYLE,1
GEOSChem14.6.3,3037,XYLE,1
GEOSChem14.6.3,3038,MTPO,1
GEOSChem14.6.3,3039,MTPO,1
GEOSChem14.6.3,3040,FURA,1
GEOSChem14.6.3,3041,UNK,1
GEOSChem14.6.3,3042,UNK,1
GEOSChem14.6.3,3043,UNK,1
GEOSChem14.6.3,3044,FURA,1
GEOSChem14.6.3,3045,PRPE,1
GEOSChem14.6.3,3046,UNR,1
GEOSChem14.6.3,3047,PRPE,1
GEOSChem14.6.3,3048,XYLE,1
GEOSChem14.6.3,3049,CSL,1
GEOSChem14.6.3,3050,UNK,1
GEOSChem14.6.3,3051,PRPE,1
GEOSChem14.6.3,3052,TMB,1
GEOSChem14.6.3,3053,UNR,1
GEOSChem14.6.3,3054,ALK4,1
GEOSChem14.6.3,3055,IVOC,1
GEOSChem14.6.3,3056,ROH,1
GEOSChem14.6.3,3057,XYLE,1
GEOSChem14.6.3,3058,XYLE,1
GEOSChem14.6.3,3059,ROH,1
GEOSChem14.6.3,3060,XYLE,1
GEOSChem14.6.3,3061,PRPE,1
GEOSChem14.6.3,3062,ROH,1
GEOSChem14.6.3,3063,UNR,1
GEOSChem14.6.3,3064,RCOOH,1
GEOSChem14.6.3,3065,TMB,1
GEOSChem14.6.3,3066,XYLE,1
GEOSChem14.6.3,3067,PRPE,1
GEOSChem14.6.3,3068,IVOC,1
GEOSChem14.6.3,3069,IVOC,1
GEOSChem14.6.3,3070,UNK,1
GEOSChem14.6.3,3071,PRPE,1
GEOSChem14.6.3,3072,IVOC,1
GEOSChem14.6.3,3073,IVOC,1
GEOSChem14.6.3,3074,PRPE,1
GEOSChem14.6.3,3075,UNR,1
GEOSChem14.6.3,3076,PRPE,1
GEOSChem14.6.3,3077,XYLE,1
GEOSChem14.6.3,3078,UNK,1
GEOSChem14.6.3,3079,IVOC,1
GEOSChem14.6.3,3080,IVOC,1
GEOSChem14.6.3,3081,RCHO,1
GEOSChem14.6.3,3082,UNK,1
GEOSChem14.6.3,3083,ROH,1
GEOSChem14.6.3,3084,MTPO,1
GEOSChem14.6.3,3085,IVOC,1
GEOSChem14.6.3,3086,UNK,1
GEOSChem14.6.3,3087,IVOC,1
GEOSChem14.6.3,3088,MTPO,1
GEOSChem14.6.3,3089,ROH,1
GEOSChem14.6.3,3090,IVOC,1
GEOSChem14.6.3,3091,IVOC,1
GEOSChem14.6.3,3092,UNK,1
GEOSChem14.6.3,3093,IVOC,1
GEOSChem14.6.3,3094,TMB,1
GEOSChem14.6.3,3095,ROH,1
GEOSChem14.6.3,3096,MTPO,1
GEOSChem14.6.3,3097,ROH,1
GEOSChem14.6.3,3098,ROH,1
GEOSChem14.6.3,3099,MTPO,1
GEOSChem14.6.3,3100,PRPE,1
GEOSChem14.6.3,3101,UNR,1
GEOSChem14.6.3,3102,UNR,1
GEOSChem14.6.3,3103,ROH,1
GEOSChem14.6.3,3104,IVOC,1
GEOSChem14.6.3,3105,UNK,1
GEOSChem14.6.3,3106,ROH,1
GEOSChem14.6.3,3107,CSL,1
GEOSChem14.6.3,3108,PRPE,1
GEOSChem14.6.3,3109,ROH,1
GEOSChem14.6.3,3110,ALK6,1
GEOSChem14.6.3,3111,UNR,1
GEOSChem14.6.3,3112,IVOC,1
GEOSChem14.6.3,3113,PRPE,1
GEOSChem14.6.3,3114,UNR,1
GEOSChem14.6.3,3115,ALK4,1
GEOSChem14.6.3,3116,ROH,1
GEOSChem14.6.3,3117,PRPE,1
GEOSChem14.6.3,3118,IVOC,1
GEOSChem14.6.3,3119,IVOC,1
GEOSChem14.6.3,3120,UNK,1
GEOSChem14.6.3,3121,MTPO,1
GEOSChem14.6.3,3122,IVOC,1
GEOSChem14.6.3,3123,UNK,1
GEOSChem14.6.3,3124,ROH,1
GEOSChem14.6.3,3125,ALK6,1
GEOSChem14.6.3,3126,TMB,1
GEOSChem14.6.3,3127,UNR,1
GEOSChem14.6.3,3128,ROH,1
GEOSChem14.6.3,3129,IVOC,1
GEOSChem14.6.3,3130,UNR,1
GEOSChem14.6.3,3131,IVOC,1
GEOSChem14.6.3,3132,ROH,1
GEOSChem14.6.3,3133,UNK,1
GEOSChem14.6.3,3134,IVOC,1
GEOSChem14.6.3,3135,IVOC,1
GEOSChem14.6.3,3136,UNR,1
GEOSChem14.6.3,3137,ROH,1
GEOSChem14.6.3,3138,FURA,1
GEOSChem14.6.3,3139,IVOC,1
GEOSChem14.6.3,3140,PRPE,1
GEOSChem14.6.3,3141,UNR,1
GEOSChem14.6.3,3142,ROH,1
GEOSChem14.6.3,3143,PRPE,1
GEOSChem14.6.3,3144,UNR,1
GEOSChem14.6.3,3145,ROH,1
GEOSChem14.6.3,3146,CSL,1
GEOSChem14.6.3,3147,RCOOH,1
GEOSChem14.6.3,3148,IVOC,1
GEOSChem14.6.3,3149,PRPE,1
GEOSChem14.6.3,3150,ROH,1
GEOSChem14.6.3,3151,UNR,1
GEOSChem14.6.3,3152,UNK,1
GEOSChem14.6.3,3153,PRPE,1
GEOSChem14.6.3,3154,ROH,1
GEOSChem14.6.3,3155,UNK,1
GEOSChem14.6.3,3156,ROH,1
GEOSChem14.6.3,3157,ROH,1
GEOSChem14.6.3,3158,IVOC,1
GEOSChem14.6.3,3159,IVOC,1
GEOSChem14.6.3,3160,UNR,1
GEOSChem14.6.3,3161,CSL,1
GEOSChem14.6.3,3162,UNK,1
GEOSChem14.6.3,3163,IVOC,1
GEOSChem14.6.3,3164,IVOC,1
GEOSChem14.6.3,3165,UNK,1
GEOSChem14.6.3,3166,IVOC,1
GEOSChem14.6.3,3167,UNR,1
GEOSChem14.6.3,3168,ROH,1
GEOSChem14.6.3,3169,UNK,1
GEOSChem14.6.3,3170,IVOC,1
GEOSChem14.6.3,3171,UNR,1
GEOSChem14.6.3,3172,IVOC,1
GEOSChem14.6.3,3173,UNR,1
GEOSChem14.6.3,3174,IVOC,1
GEOSChem14.6.3,3175,UNR,1
GEOSChem14.6.3,3176,UNR,1
GEOSChem14.6.3,3177,IVOC,1
GEOSChem14.6.3,3178,UNR,1
GEOSChem14.6.3,3179,IVOC,1
GEOSChem14.6.3,3180,ROH,1
GEOSChem14.6.3,3181,ROH,1
GEOSChem14.6.3,3182,XYLE,1
GEOSChem14.6.3,3183,IVOC,1
GEOSChem14.6.3,3184,UNR,1
GEOSChem14.6.3,3185,UNR,1
GEOSChem14.6.3,3186,UNR,1
GEOSChem14.6.3,3187,UNR,1
GEOSChem14.6.3,3188,UNR,1
GEOSChem14.6.3,3189,UNR,1
GEOSChem14.6.3,3190,UNK,1
GEOSChem14.6.3,3191,IVOC,1
GEOSChem14.6.3,3192,IVOC,1
GEOSChem14.6.3,3193,UNR,1
GEOSChem14.6.3,3194,IVOC,1
GEOSChem14.6.3,3195,IVOC,1
GEOSChem14.6.3,3196,ALK6,1
GEOSChem14.6.3,3197,UNK,1
GEOSChem14.6.3,3198,UNK,1
GEOSChem14.6.3,3199,IVOC,1
GEOSChem14.6.3,3200,ALK4,1
GEOSChem14.6.3,3201,ALK6,1
GEOSChem14.6.3,3202,ALK6,1
GEOSChem14.6.3,3203,ALK6,1
GEOSChem14.6.3,3204,ALK6,1
GEOSChem14.6.3,3205,XYLE,1
GEOSChem14.6.3,3206,XYLE,1
GEOSChem14.6.3,3207,XYLE,1
GEOSChem14.6.3,3208,IVOC,1
GEOSChem14.6.3,3209,IVOC,1
GEOSChem14.6.3,3210,IVOC,1
GEOSChem14.6.3,3211,IVOC,1
GEOSChem14.6.3,3212,NAP,1
GEOSChem14.6.3,3213,IVOC,1
GEOSChem14.6.3,3214,IVOC,1
GEOSChem14.6.3,3215,IVOC,1
GEOSChem14.6.3,3216,NAP,1
GEOSChem14.6.3,3217,IVOC,1
GEOSChem14.6.3,3218,IVOC,1
GEOSChem14.6.3,3219,IVOC,1
GEOSChem14.6.3,3220,NAP,1
GEOSChem14.6.3,3221,IVOC,1
GEOSChem14.6.3,3222,IVOC,1
GEOSChem14.6.3,3223,IVOC,1
GEOSChem14.6.3,3224,NAP,1
GEOSChem14.6.3,3225,NAP,1
GEOSChem14.6.3,3226,ALK6,1
GEOSChem14.6.3,3227,IVOC,1
GEOSChem14.6.3,3228,IVOC,1
GEOSChem14.6.3,3229,IVOC,1
GEOSChem14.6.3,3230,IVOC,1
GEOSChem14.6.3,3231,IVOC,1
GEOSChem14.6.3,3232,UNR,1
GEOSChem14.6.3,3233,UNR,1
GEOSChem14.6.3,3234,ALK6,1
GEOSChem14.6.3,3235,IVOC,1
GEOSChem14.6.3,3236,IVOC,1
GEOSChem14.6.3,3237,IVOC,1
GEOSChem14.6.3,3238,IVOC,1
GEOSChem14.6.3,3239,UNR,1
GEOSChem14.6.3,3240,UNR,1
GEOSChem14.6.3,3241,UNR,1
GEOSChem14.6.3,3242,UNR,1
GEOSChem14.6.3,3243,IVOC,1
GEOSChem14.6.3,3314,UNR,1
GEOSChem14.6.3,3315,IVOC,1
GEOSChem14.6.3,3316,ROH,1
GEOSChem14.6.3,3317,IVOC,1
GEOSChem14.6.3,3318,IVOC,1
GEOSChem14.6.3,3319,IVOC,1
GEOSChem14.6.3,3320,UNR,1
GEOSChem14.6.3,3321,ALK6,1
GEOSChem14.6.3,3322,ACTA,1
GEOSChem14.6.3,3323,UNR,1
GEOSChem14.6.3,3324,IVOC,1
GEOSChem14.6.3,3325,IVOC,1
GEOSChem14.6.3,3326,IVOC,1
GEOSChem14.6.3,3327,UNR,1
GEOSChem14.6.3,3328,PRPE,1
GEOSChem14.6.3,3329,UNR,1
GEOSChem14.6.3,3330,UNR,1
GEOSChem14.6.3,3331,UNR,1
GEOSChem14.6.3,3332,UNR,1
GEOSChem14.6.3,3333,UNR,1
GEOSChem14.6.3,3334,UNR,1
GEOSChem14.6.3,3335,IVOC,1
GEOSChem14.6.3,3336,IVOC,1
GEOSChem14.6.3,3337,IVOC,1
GEOSChem14.6.3,3338,IVOC,1
GEOSChem14.6.3,3339,XYLE,1
GEOSChem14.6.3,3340,TOLU,1
GEOSChem14.6.3,3341,UNR,1
GEOSChem14.6.3,3342,UNR,1
GEOSChem14.6.3,3343,UNR,1
GEOSChem14.6.3,3344,UNR,1
GEOSChem14.6.3,3345,UNR,1
GEOSChem14.6.3,3346,NAP,1
GEOSChem14.6.3,3347,NAP,1
GEOSChem14.6.3,3348,NAP,1
GEOSChem14.6.3,3349,NAP,1
GEOSChem14.6.3,3350,UNR,1
GEOSChem14.6.3,3351,UNR,1
GEOSChem14.6.3,3352,UNR,1
GEOSChem14.6.3,3353,UNR,1
GEOSChem14.6.3,3354,UNR,1
GEOSChem14.6.3,3355,IVOC,1
GEOSChem14.6.3,3356,IVOC,1
GEOSChem14.6.3,3357,IVOC,1
GEOSChem14.6.3,3358,XYLE,1
GEOSChem14.6.3,3359,FURA,1
GEOSChem14.6.3,3360,FURA,1
GEOSChem14.6.3,3361,UNR,1
GEOSChem14.6.3,3362,UNR,1
GEOSChem14.6.3,3363,UNR,1
GEOSChem14.6.3,3364,UNR,1
GEOSChem14.6.3,3365,UNR,1
GEOSChem14.6.3,3366,IVOC,1
GEOSChem14.6.3,3367,IVOC,1
GEOSChem14.6.3,3368,ROH,1
GEOSChem14.6.3,3369,ROH,1
GEOSChem14.6.3,3370,RCHO,1
GEOSChem14.6.3,3371,RCHO,1
GEOSChem14.6.3,3372,UNR,1
GEOSChem14.6.3,3373,UNR,1
GEOSChem14.6.3,3374,UNR,1
GEOSChem14.6.3,3375,UNR,1
GEOSChem14.6.3,3376,UNR,1
GEOSChem14.6.3,3377,IVOC,1
GEOSChem14.6.3,3378,IVOC,1
GEOSChem14.6.3,3379,IVOC,1
GEOSChem14.6.3,3380,IVOC,1
GEOSChem14.6.3,3244,IVOC,1
GEOSChem14.6.3,3245,UNR,1
GEOSChem14.6.3,3246,UNR,1
GEOSChem14.6.3,3247,UNR,1
GEOSChem14.6.3,3248,UNR,1
GEOSChem14.6.3,3249,UNR,1
GEOSChem14.6.3,3250,UNR,1
GEOSChem14.6.3,3251,UNR,1
GEOSChem14.6.3,3252,UNR,1
GEOSChem14.6.3,3253,UNR,1
GEOSChem14.6.3,3254,UNR,1
GEOSChem14.6.3,3255,UNR,1
GEOSChem14.6.3,3256,XYLE,1
GEOSChem14.6.3,3257,XYLE,1
GEOSChem14.6.3,3258,ALK6,1
GEOSChem14.6.3,3259,IVOC,1
GEOSChem14.6.3,3260,IVOC,1
GEOSChem14.6.3,3261,IVOC,1
GEOSChem14.6.3,3262,IVOC,1
GEOSChem14.6.3,3263,IVOC,1
GEOSChem14.6.3,3264,UNR,1
GEOSChem14.6.3,3265,IVOC,1
GEOSChem14.6.3,3266,UNK,1
GEOSChem14.6.3,3267,PRPE,1
GEOSChem14.6.3,3268,ROH,1
GEOSChem14.6.3,3269,XYLE,1
GEOSChem14.6.3,3270,ROH,1
GEOSChem14.6.3,3271,UNK,1
GEOSChem14.6.3,3272,PRPE,1
GEOSChem14.6.3,3273,UNR,1
GEOSChem14.6.3,3274,IVOC,1
GEOSChem14.6.3,3275,UNR,1
GEOSChem14.6.3,3276,RCHO,1
GEOSChem14.6.3,3277,ROH,1
GEOSChem14.6.3,3278,IVOC,1
GEOSChem14.6.3,3279,UNK,1
GEOSChem14.6.3,3280,UNK,1
GEOSChem14.6.3,3281,IVOC,1
GEOSChem14.6.3,3282,ROH,1
GEOSChem14.6.3,3283,PRPE,1
GEOSChem14.6.3,3284,IVOC,1
GEOSChem14.6.3,3285,UNK,1
GEOSChem14.6.3,3286,MTPO,1
GEOSChem14.6.3,3287,IVOC,1
GEOSChem14.6.3,3288,IVOC,1
GEOSChem14.6.3,3289,IVOC,1
GEOSChem14.6.3,3290,IVOC,1
GEOSChem14.6.3,3291,IVOC,1
GEOSChem14.6.3,3292,IVOC,1
GEOSChem14.6.3,3293,UNR,1
GEOSChem14.6.3,3294,IVOC,1
GEOSChem14.6.3,3295,IVOC,1
GEOSChem14.6.3,3296,UNK,1
GEOSChem14.6.3,3297,FURA,1
GEOSChem14.6.3,3298,UNR,1
GEOSChem14.6.3,3299,UNR,1
GEOSChem14.6.3,3300,MTPO,1
GEOSChem14.6.3,3301,MTPO,1
GEOSChem14.6.3,3302,MTPO,1
GEOSChem14.6.3,3303,IVOC,1
GEOSChem14.6.3,3304,IVOC,1
GEOSChem14.6.3,3305,IVOC,1
GEOSChem14.6.3,3306,PRPE,1
GEOSChem14.6.3,3307,ALK6,1
GEOSChem14.6.3,3308,RCOOH,1
GEOSChem14.6.3,3309,IVOC,1
GEOSChem14.6.3,3310,UNR,1
GEOSChem14.6.3,3311,UNR,1
GEOSChem14.6.3,3312,IVOC,1
GEOSChem14.6.3,3313,IVOC,1
GEOSChem14.6.3,3381,ALK6,1
GEOSChem14.6.3,3382,ALK6,1
GEOSChem14.6.3,3383,UNR,1
GEOSChem14.6.3,3384,UNR,1
GEOSChem14.6.3,3385,UNR,1
GEOSChem14.6.3,3386,UNR,1
GEOSChem14.6.3,3387,UNR,1
GEOSChem14.6.3,3388,IVOC,1
GEOSChem14.6.3,3389,IVOC,1
GEOSChem14.6.3,3390,IVOC,1
GEOSChem14.6.3,3391,IVOC,1
GEOSChem14.6.3,3392,ALK6,1
GEOSChem14.6.3,3393,ALK6,1
GEOSChem14.6.3,3394,UNR,1
GEOSChem14.6.3,3395,UNR,1
GEOSChem14.6.3,3396,UNR,1
GEOSChem14.6.3,3397,UNR,1
GEOSChem14.6.3,3398,UNR,1
GEOSChem14.6.3,3399,IVOC,1
GEOSChem14.6.3,3400,IVOC,1
GEOSChem14.6.3,3401,IVOC,1
GEOSChem14.6.3,3402,IVOC,1
GEOSChem14.6.3,3403,ALK6,1
GEOSChem14.6.3,3404,ALK6,1
GEOSChem14.6.3,3405,ALK6,1
GEOSChem14.6.3,3406,IVOC,1
GEOSChem14.6.3,3407,NAP,1
GEOSChem14.6.3,3408,IVOC,1
GEOSChem14.6.3,3409,IVOC,1
GEOSChem14.6.3,3410,MTPO,1
GEOSChem14.6.3,3411,IVOC,1
GEOSChem14.6.3,3412,FURA,1
GEOSChem14.6.3,3413,UNR,1
GEOSChem14.6.3,3414,IVOC,1
GEOSChem14.6.3,3415,ROH,1
GEOSChem14.6.3,3416,CSL,1
GEOSChem14.6.3,3417,UNK,1
GEOSChem14.6.3,3418,UNK,1
GEOSChem14.6.3,3419,UNK,1
GEOSChem14.6.3,3420,RCHO,1
GEOSChem14.6.3,3421,UNK,1
GEOSChem14.6.3,3422,UNK,1
GEOSChem14.6.3,3423,ALK4,1
GEOSChem14.6.3,3424,PRPE,1
GEOSChem14.6.3,3425,RCOOH,1
GEOSChem14.6.3,3426,ALK4,1
GEOSChem14.6.3,3427,UNK,1
GEOSChem14.6.3,3428,UNR,1
GEOSChem14.6.3,3429,FURA,1
GEOSChem14.6.3,3430,FURA,1
GEOSChem14.6.3,3431,ALK4,1
GEOSChem14.6.3,3432,FURA,1
GEOSChem14.6.3,3433,PRPE,1
GEOSChem14.6.3,3434,UNK,1
GEOSChem14.6.3,3435,FURA,1
GEOSChem14.6.3,3436,FURA,1
GEOSChem14.6.3,3437,FURA,1
GEOSChem14.6.3,3438,FURA,1
GEOSChem14.6.3,3439,FURA,1
GEOSChem14.6.3,3440,ALK6,1
GEOSChem14.6.3,3441,FURA,1
GEOSChem14.6.3,3442,UNR,1
GEOSChem14.6.3,3443,ALK6,1
GEOSChem14.6.3,3444,FURA,1
GEOSChem14.6.3,3445,FURA,1
GEOSChem14.6.3,3446,FURA,1
GEOSChem14.6.3,3447,FURA,1
GEOSChem14.6.3,3448,FURA,1
GEOSChem14.6.3,3449,FURA,1
GEOSChem14.6.3,3450,PRPE,1
GEOSChem14.6.3,3451,RCHO,1
GEOSChem14.6.3,3452,FURA,1
GEOSChem14.6.3,3453,ROH,1
GEOSChem14.6.3,3454,UNR,1
GEOSChem14.6.3,3455,PRPE,1
GEOSChem14.6.3,3456,UNK,1
GEOSChem14.6.3,3457,UNR,1
GEOSChem14.6.3,3458,XYLE,1
GEOSChem14.6.3,3459,FURA,1
GEOSChem14.6.3,3460,FURA,1
GEOSChem14.6.3,3461,CSL,1
GEOSChem14.6.3,3462,FURA,1
GEOSChem14.6.3,3463,ALK6,1
GEOSChem14.6.3,3464,UNK,1
GEOSChem14.6.3,3465,FURA,1
GEOSChem14.6.3,3466,TMB,1
GEOSChem14.6.3,3467,TMB,1
GEOSChem14.6.3,3468,XYLE,1
GEOSChem14.6.3,3469,FURA,1
GEOSChem14.6.3,3470,IVOC,1
GEOSChem14.6.3,3471,FURA,1
GEOSChem14.6.3,3472,XYLE,1
GEOSChem14.6.3,3473,BALD,1
GEOSChem14.6.3,3474,IVOC,1
GEOSChem14.6.3,3475,IVOC,1
GEOSChem14.6.3,3476,UNK,1
GEOSChem14.6.3,3477,UNK,1
GEOSChem14.6.3,3478,UNK,1
GEOSChem14.6.3,3479,UNK,1
GEOSChem14.6.3,3480,UNK,1
GEOSChem14.6.3,3481,UNK,1
GEOSChem14.6.3,3482,UNK,1
GEOSChem14.6.3,3483,UNK,1
GEOSChem14.6.3,3484,UNR,1
GEOSChem14.6.3,3485,UNR,1
GEOSChem14.6.3,3486,UNR,1
GEOSChem14.6.3,3487,UNR,1
GEOSChem14.6.3,3488,UNR,1
GEOSChem14.6.3,3489,UNR,1
GEOSChem14.6.3,3490,UNR,1
GEOSChem14.6.3,3491,UNR,1
GEOSChem14.6.3,3492,UNR,1
GEOSChem14.6.3,3493,CSL,1
GEOSChem14.6.3,3494,CSL,1
GEOSChem14.6.3,3495,UNR,1
GEOSChem14.6.3,3496,CSL,1
GEOSChem14.6.3,3497,UNR,1
GEOSChem14.6.3,3498,UNR,1
GEOSChem14.6.3,3499,UNR,1
GEOSChem14.6.3,3500,UNR,1
GEOSChem14.6.3,3501,UNR,1
GEOSChem14.6.3,3502,UNR,1
GEOSChem14.6.3,3503,UNR,1
GEOSChem14.6.3,3504,UNR,1
GEOSChem14.6.3,3505,UNR,1
GEOSChem14.6.3,3506,UNR,1
GEOSChem14.6.3,3507,UNR,1
GEOSChem14.6.3,3508,IVOC,1
GEOSChem14.6.3,3509,IVOC,1
GEOSChem14.6.3,3510,UNR,1
GEOSChem14.6.3,3511,UNR,1
GEOSChem14.6.3,3512,UNR,1
GEOSChem14.6.3,3513,UNR,1
GEOSChem14.6.3,3514,IVOC,1
GEOSChem14.6.3,3515,IVOC,1
GEOSChem14.6.3,3516,IVOC,1
GEOSChem14.6.3,3517,IVOC,1
GEOSChem14.6.3,3518,IVOC,1
GEOSChem14.6.3,3519,UNR,1
GEOSChem14.6.3,3520,IVOC,1
GEOSChem14.6.3,3521,UNR,1
GEOSChem14.6.3,3522,IVOC,1
GEOSChem14.6.3,3523,UNR,1
GEOSChem14.6.3,3524,UNR,1
GEOSChem14.6.3,3525,UNR,1
GEOSChem14.6.3,3526,UNR,1
GEOSChem14.6.3,3527,ROH,1
GEOSChem14.6.3,3528,IVOC,1
GEOSChem14.6.3,3529,UNR,1
GEOSChem14.6.3,3530,UNR,1
GEOSChem14.6.3,3531,UNR,1
GEOSChem14.6.3,3532,UNR,1
GEOSChem14.6.3,3533,IVOC,1
GEOSChem14.6.3,3534,RCOOH,1
GEOSChem14.6.3,3535,IVOC,1
GEOSChem14.6.3,3536,RCHO,1
GEOSChem14.6.3,3537,UNR,1
GEOSChem14.6.3,3538,PRPE,1
GEOSChem14.6.3,3539,FURA,1
GEOSChem14.6.3,3540,UNK,1
GEOSChem14.6.3,3541,PRPE,1
